simTime_s,runTime_s,timing,phase,aCam_mps2,speed_mps,yawRate_dps,jerk_mps3
0.026,0.000,0,前進 0,0.0720,0.0009,0.000,3.000
0.046,0.000,0,前進 0,0.1320,0.0030,0.000,3.000
0.066,0.000,0,前進 0,0.1920,0.0063,0.000,3.000
0.086,0.000,0,前進 0,0.2520,0.0108,0.000,3.000
0.106,0.000,0,前進 0,0.3120,0.0165,0.000,3.000
0.126,0.000,0,前進 0,0.3720,0.0234,0.000,3.000
0.146,0.000,0,前進 0,0.4320,0.0315,0.000,3.000
0.166,0.000,0,前進 0,0.4920,0.0408,0.000,3.000
0.186,0.000,0,前進 0,0.5520,0.0513,0.000,3.000
0.206,0.000,0,前進 0,0.6120,0.0630,0.000,3.001
0.226,0.000,0,前進 0,0.6720,0.0759,0.000,3.001
0.246,0.000,0,前進 0,0.7320,0.0900,0.000,3.001
0.266,0.000,0,前進 0,0.7920,0.1053,0.000,3.001
0.286,0.000,0,前進 0,0.8520,0.1218,0.000,3.001
0.306,0.000,0,前進 0,0.9000,0.1395,0.000,0.000
0.326,0.000,0,前進 0,0.9000,0.1575,0.000,0.000
0.346,0.000,0,前進 0,0.9000,0.1755,0.000,0.000
0.366,0.000,0,前進 0,0.9000,0.1935,0.000,0.000
0.386,0.000,0,前進 0,0.9000,0.2115,0.000,0.000
0.406,0.000,0,前進 0,0.9000,0.2295,0.000,0.000
0.426,0.000,0,前進 0,0.9000,0.2475,0.000,0.000
0.446,0.000,0,前進 0,0.9000,0.2655,0.000,0.000
0.466,0.000,0,前進 0,0.9000,0.2835,0.000,0.000
0.486,0.000,0,前進 0,0.9000,0.3015,0.000,0.000
0.506,0.000,0,前進 0,0.9000,0.3195,0.000,0.000
0.526,0.000,0,前進 0,0.9000,0.3375,0.000,0.000
0.546,0.000,0,前進 0,0.9000,0.3555,0.000,0.000
0.566,0.000,0,前進 0,0.9000,0.3735,0.000,0.000
0.586,0.000,0,前進 0,0.9000,0.3915,0.000,0.000
0.606,0.000,0,前進 0,0.9000,0.4095,0.000,0.000
0.626,0.000,0,前進 0,0.9000,0.4275,0.000,0.000
0.646,0.000,0,前進 0,0.9000,0.4455,0.000,0.000
0.666,0.000,0,前進 0,0.9000,0.4635,0.000,0.000
0.686,0.000,0,前進 0,0.9000,0.4815,0.000,0.000
0.706,0.000,0,前進 0,0.9000,0.4995,0.000,0.000
0.726,0.000,0,前進 0,0.9000,0.5175,0.000,0.000
0.746,0.000,0,前進 0,0.9000,0.5355,0.000,0.000
0.766,0.000,0,前進 0,0.9000,0.5535,0.000,0.000
0.786,0.000,0,前進 0,0.9000,0.5715,0.000,0.000
0.806,0.000,0,前進 0,0.9000,0.5895,0.000,0.000
0.826,0.000,0,前進 0,0.9000,0.6075,0.000,0.000
0.846,0.000,0,前進 0,0.8830,0.6254,0.000,2.995
0.866,0.000,0,前進 0,0.8230,0.6424,0.000,3.010
0.886,0.000,0,前進 0,0.7630,0.6582,0.000,2.995
0.906,0.000,0,前進 0,0.7030,0.6728,0.000,2.995
0.926,0.000,0,前進 0,0.6430,0.6862,0.000,2.995
0.946,0.000,0,前進 0,0.5830,0.6984,0.000,3.010
0.966,0.000,0,前進 0,0.5230,0.7094,0.000,2.995
0.986,0.000,0,前進 0,0.4630,0.7192,0.000,2.995
1.006,0.000,0,前進 0,0.4030,0.7278,0.000,2.995
1.026,0.000,0,前進 0,0.3430,0.7352,0.000,3.010
1.046,0.000,0,前進 0,0.2830,0.7414,0.000,2.995
1.066,0.000,0,前進 0,0.2230,0.7464,0.000,2.995
1.086,0.000,0,前進 0,0.1875,0.7505,0.000,1.609
1.106,0.000,0,前進 0,0.1566,0.7539,0.000,1.505
1.126,0.000,0,前進 0,0.1279,0.7567,0.000,1.386
1.146,0.000,0,前進 0,0.1013,0.7590,0.000,1.296
1.166,0.000,0,前進 0,0.0766,0.7607,0.000,1.192
1.186,0.000,0,前進 0,0.0537,0.7620,0.000,1.103
1.206,0.000,0,前進 0,0.0324,0.7628,0.000,1.028
1.226,0.000,0,前進 0,0.0127,0.7633,0.000,0.954
1.246,0.000,0,前進 0,0.0056,0.7633,0.000,0.879
1.266,0.000,0,前進 0,0.0226,0.7630,0.000,0.820
1.286,0.000,0,前進 0,0.0384,0.7624,0.000,0.760
1.306,0.000,0,前進 0,0.0531,0.7614,0.000,0.700
1.326,0.000,0,前進 0,0.0667,0.7602,0.000,0.656
1.346,0.000,0,前進 0,0.0794,0.7587,0.000,0.611
1.366,0.000,0,前進 0,0.0911,0.7570,0.000,0.566
1.386,0.000,0,前進 0,0.1020,0.7551,0.000,0.522
1.406,0.000,0,前進 0,0.1121,0.7529,0.000,0.492
1.426,0.000,0,前進 0,0.1216,0.7506,0.000,0.462
1.446,0.000,0,前進 0,0.1303,0.7481,0.000,0.417
1.466,0.000,0,前進 0,0.1384,0.7454,0.000,0.402
1.486,0.000,0,前進 0,0.1460,0.7425,0.000,0.358
1.506,0.000,0,前進 0,0.1530,0.7395,0.000,0.343
1.526,0.000,0,前進 0,0.1595,0.7364,0.000,0.313
1.546,0.000,0,前進 0,0.1656,0.7331,0.000,0.298
1.566,0.000,0,前進 0,0.1712,0.7297,0.000,0.268
1.586,0.000,0,前進 0,0.1765,0.7263,0.000,0.253
1.606,0.000,0,前進 0,0.1813,0.7227,0.000,0.238
1.626,0.000,0,前進 0,0.1859,0.7190,0.000,0.224
1.646,0.000,0,前進 0,0.1901,0.7152,0.000,0.209
1.666,0.000,0,前進 0,0.1941,0.7114,0.000,0.194
1.686,0.000,0,前進 0,0.1977,0.7075,0.000,0.179
1.706,0.000,0,前進 0,0.2012,0.7035,0.000,0.164
1.726,0.000,0,前進 0,0.2044,0.6994,0.000,0.164
1.746,0.000,0,前進 0,0.2073,0.6953,0.000,0.134
1.766,0.000,0,前進 0,0.2101,0.6911,0.000,0.134
1.786,0.000,0,前進 0,0.2127,0.6869,0.000,0.119
1.806,0.000,0,前進 0,0.2151,0.6826,0.000,0.119
1.826,0.000,0,前進 0,0.2173,0.6783,0.000,0.104
1.846,0.000,0,前進 0,0.2195,0.6739,0.000,0.104
1.866,0.000,0,前進 0,0.2214,0.6695,0.000,0.089
1.886,0.000,0,前進 0,0.2233,0.6651,0.000,0.089
1.906,0.000,0,前進 0,0.2250,0.6606,0.000,0.089
1.926,0.000,0,前進 0,0.2266,0.6560,0.000,0.075
1.946,0.000,0,前進 0,0.2281,0.6515,0.000,0.075
1.966,0.000,0,前進 0,0.2296,0.6469,0.000,0.060
1.986,0.000,0,前進 0,0.2309,0.6423,0.000,0.060
2.006,0.000,0,前進 0,0.2322,0.6377,0.000,0.060
2.026,0.000,0,前進 0,0.2334,0.6330,0.000,0.060
2.046,0.000,0,前進 0,0.2345,0.6283,0.000,0.060
2.066,0.000,0,前進 0,0.2356,0.6236,0.000,0.060
2.086,0.000,0,前進 0,0.2365,0.6189,0.000,0.045
2.106,0.000,0,前進 0,0.2375,0.6142,0.000,0.045
2.126,0.000,0,前進 0,0.2384,0.6094,0.000,0.045
2.146,0.000,0,前進 0,0.2393,0.6046,0.000,0.045
2.166,0.000,0,前進 0,0.2401,0.5998,0.000,0.045
2.186,0.000,0,前進 0,0.2408,0.5950,0.000,0.045
2.206,0.000,0,前進 0,0.2415,0.5902,0.000,0.030
2.226,0.000,0,前進 0,0.2423,0.5854,0.000,0.030
2.246,0.000,0,前進 0,0.2429,0.5805,0.000,0.045
2.266,0.000,0,前進 0,0.2436,0.5757,0.000,0.030
2.286,0.000,0,前進 0,0.2442,0.5708,0.000,0.030
2.306,0.000,0,前進 0,0.2448,0.5659,0.000,0.030
2.326,0.000,0,前進 0,0.2454,0.5610,0.000,0.030
2.346,0.000,0,前進 0,0.2460,0.5561,0.000,0.030
2.366,0.000,0,前進 0,0.2465,0.5511,0.000,0.030
2.386,0.000,0,前進 0,0.2470,0.5462,0.000,0.030
2.406,0.000,0,前進 0,0.2475,0.5413,0.000,0.030
2.426,0.000,0,前進 0,0.2480,0.5363,0.000,0.030
2.446,0.000,0,前進 0,0.2486,0.5313,0.000,0.030
2.466,0.000,0,前進 0,0.2490,0.5264,0.000,0.030
2.486,0.000,0,前進 0,0.2495,0.5214,0.000,0.030
2.506,0.000,0,前進 0,0.2500,0.5164,0.000,0.030
2.526,0.000,0,前進 0,0.2505,0.5114,0.000,0.030
2.546,0.000,0,前進 0,0.2509,0.5064,0.000,0.015
2.566,0.000,0,前進 0,0.2514,0.5013,0.000,0.030
2.586,0.000,0,前進 0,0.2518,0.4963,0.000,0.022
2.606,0.000,0,前進 0,0.2523,0.4913,0.000,0.022
2.626,0.000,0,前進 0,0.2527,0.4862,0.000,0.022
2.646,0.000,0,前進 0,0.2532,0.4812,0.000,0.022
2.666,0.012,1,前進 0,0.2537,0.4761,0.000,0.022
2.686,0.032,1,前進 0,0.2541,0.4710,0.000,0.022
2.706,0.052,1,前進 0,0.2546,0.4659,0.000,0.022
2.726,0.072,1,前進 0,0.2551,0.4608,0.000,0.030
2.746,0.092,1,前進 0,0.2555,0.4557,0.000,0.022
2.766,0.112,1,前進 0,0.2560,0.4506,0.000,0.022
2.786,0.132,1,前進 0,0.2565,0.4455,0.000,0.030
2.806,0.152,1,前進 0,0.2570,0.4403,0.000,0.022
2.826,0.172,1,前進 0,0.2575,0.4352,0.000,0.030
2.846,0.192,1,前進 0,0.2580,0.4300,0.000,0.022
2.866,0.212,1,前進 0,0.2586,0.4249,0.000,0.030
2.886,0.232,1,前進 0,0.2591,0.4197,0.000,0.030
2.906,0.252,1,前進 0,0.2596,0.4145,0.000,0.022
2.926,0.272,1,前進 0,0.2602,0.4093,0.000,0.030
2.946,0.292,1,前進 0,0.2608,0.4041,0.000,0.030
2.966,0.312,1,前進 0,0.2614,0.3989,0.000,0.030
2.986,0.332,1,前進 0,0.2620,0.3936,0.000,0.030
3.006,0.352,1,前進 0,0.2626,0.3884,0.000,0.030
3.026,0.372,1,前進 0,0.2632,0.3831,0.000,0.037
3.046,0.392,1,前進 0,0.2639,0.3779,0.000,0.030
3.066,0.412,1,前進 0,0.2646,0.3726,0.000,0.037
3.086,0.432,1,前進 0,0.2653,0.3673,0.000,0.037
3.106,0.452,1,前進 0,0.2660,0.3620,0.000,0.037
3.126,0.472,1,前進 0,0.2668,0.3566,0.000,0.045
3.146,0.492,1,前進 0,0.2676,0.3513,0.000,0.045
3.166,0.512,1,前進 0,0.2684,0.3459,0.000,0.045
3.186,0.532,1,前進 0,0.2693,0.3406,0.000,0.045
3.206,0.552,1,前進 0,0.2702,0.3352,0.000,0.045
3.226,0.572,1,前進 0,0.2711,0.3297,0.000,0.052
3.246,0.592,1,前進 0,0.2721,0.3243,0.000,0.052
3.266,0.612,1,前進 0,0.2730,0.3189,0.000,0.052
3.286,0.632,1,前進 0,0.2741,0.3134,0.000,0.052
3.306,0.652,1,前進 0,0.2752,0.3079,0.000,0.060
3.326,0.672,1,前進 0,0.2764,0.3024,0.000,0.060
3.346,0.692,1,前進 0,0.2776,0.2968,0.000,0.067
3.366,0.712,1,前進 0,0.2789,0.2913,0.000,0.067
3.386,0.732,1,前進 0,0.2802,0.2857,0.000,0.067
3.406,0.752,1,前進 0,0.2817,0.2801,0.000,0.075
3.426,0.772,1,前進 0,0.2832,0.2744,0.000,0.082
3.446,0.792,1,前進 0,0.2848,0.2687,0.000,0.082
3.466,0.812,1,前進 0,0.2865,0.2630,0.000,0.082
3.486,0.832,1,前進 0,0.2884,0.2573,0.000,0.089
3.506,0.852,1,前進 0,0.2903,0.2515,0.000,0.097
3.526,0.872,1,前進 0,0.2924,0.2456,0.000,0.108
3.546,0.892,1,前進 0,0.2947,0.2398,0.000,0.119
3.566,0.912,1,前進 0,0.2972,0.2339,0.000,0.127
3.586,0.932,1,前進 0,0.2998,0.2279,0.000,0.138
3.606,0.952,1,前進 0,0.3027,0.2218,0.000,0.149
3.626,0.972,1,前進 0,0.3059,0.2158,0.000,0.168
3.646,0.992,1,前進 0,0.3094,0.2096,0.000,0.186
3.666,1.012,1,前進 0,0.3133,0.2034,0.000,0.205
3.686,1.032,1,前進 0,0.3177,0.1971,0.000,0.231
3.706,1.052,1,前進 0,0.3227,0.1907,0.000,0.261
3.726,1.072,1,前進 0,0.3283,0.1841,0.000,0.302
3.746,1.092,1,前進 0,0.3349,0.1775,0.000,0.354
3.766,1.112,1,前進 0,0.3427,0.1707,0.000,0.425
3.786,1.132,1,前進 0,0.3522,0.1638,0.000,0.518
3.806,1.152,1,前進 0,0.3688,0.1566,0.000,2.999
3.826,1.172,1,前進 0,0.4288,0.1485,0.000,2.999
3.846,1.192,1,前進 0,0.4888,0.1393,0.000,2.999
3.866,1.212,1,前進 0,0.5201,0.1290,0.000,2.097
3.886,1.232,1,前進 0,0.4800,0.1190,0.000,1.935
3.906,1.252,1,前進 0,0.4429,0.1098,0.000,1.784
3.926,1.272,1,前進 0,0.4087,0.1014,0.000,1.648
3.946,1.292,1,前進 0,0.3772,0.0935,0.000,1.520
3.966,1.312,1,前進 0,0.3481,0.0863,0.000,1.403
3.986,1.332,1,前進 0,0.3212,0.0797,0.000,1.295
4.006,1.352,1,前進 0,0.2964,0.0735,0.000,1.196
4.026,1.372,1,前進 0,0.2736,0.0678,0.000,1.103
4.046,1.392,1,前進 0,0.2524,0.0626,0.000,1.019
4.066,1.412,1,前進 0,0.2330,0.0578,0.000,0.940
4.086,1.432,1,前進 0,0.2150,0.0533,0.000,0.866
4.106,1.452,1,前進 0,0.1984,0.0492,0.000,0.800
4.126,1.472,1,前進 0,0.1831,0.0454,0.000,0.738
4.146,1.492,1,前進 0,0.1689,0.0419,0.000,0.681
4.166,1.512,1,前進 0,0.1559,0.0387,0.000,0.629
4.186,1.532,1,前進 0,0.1439,0.0357,0.000,0.580
4.206,1.552,1,前進 0,0.1328,0.0329,0.000,0.536
4.226,1.572,1,前進 0,0.1225,0.0304,0.000,0.494
4.246,1.592,1,前進 0,0.1131,0.0280,0.000,0.456
4.266,1.612,1,前進 0,0.1043,0.0259,0.000,0.420
4.286,1.632,1,前進 0,0.0963,0.0239,0.000,0.388
4.306,1.652,1,前進 0,0.0889,0.0220,0.000,0.358
4.326,1.672,1,前進 0,0.0820,0.0203,0.000,0.331
4.346,1.692,1,旋回 1,0.0360,0.0194,2.399,3.000
4.366,1.712,1,旋回 1,0.0732,0.0182,6.395,0.296
4.386,1.732,1,旋回 1,0.0676,0.0168,10.386,0.274
4.406,1.752,1,旋回 1,0.0624,0.0155,14.373,0.252
4.426,1.772,1,旋回 1,0.0576,0.0143,18.357,0.232
4.446,1.792,1,旋回 1,0.0532,0.0132,22.336,0.214
4.466,1.812,1,旋回 1,0.0492,0.0122,26.312,0.196
4.486,1.832,1,旋回 1,0.0454,0.0112,30.283,0.180
4.506,1.852,1,旋回 1,0.0420,0.0103,34.251,0.166
4.526,1.872,1,旋回 1,0.0389,0.0095,38.214,0.153
4.546,1.892,1,旋回 1,0.0360,0.0088,42.174,0.140
4.566,1.912,1,旋回 1,0.0333,0.0081,46.130,0.129
4.586,1.932,1,旋回 1,0.0308,0.0075,50.081,0.119
4.606,1.952,1,旋回 1,0.0285,0.0069,54.029,0.110
4.626,1.972,1,旋回 1,0.0264,0.0064,57.973,0.101
4.646,1.992,1,旋回 1,0.0245,0.0059,61.913,0.094
4.666,2.012,1,旋回 1,0.0227,0.0054,65.849,0.087
4.686,2.032,1,旋回 1,0.0211,0.0050,69.781,0.080
4.706,2.052,1,旋回 1,0.0195,0.0046,73.709,0.074
4.726,2.072,1,旋回 1,0.0181,0.0042,77.633,0.069
4.746,2.092,1,旋回 1,0.0168,0.0039,81.553,0.064
4.766,2.112,1,旋回 1,0.0156,0.0036,85.469,0.059
4.786,2.132,1,旋回 1,0.0144,0.0033,89.382,0.055
4.806,2.152,1,旋回 1,0.0134,0.0031,93.290,0.051
4.826,2.172,1,旋回 1,0.0124,0.0028,97.195,0.048
4.846,2.192,1,旋回 1,0.0115,0.0026,101.095,0.045
4.866,2.212,1,旋回 1,0.0107,0.0024,104.992,0.042
4.886,2.232,1,旋回 1,0.0099,0.0022,108.885,0.039
4.906,2.252,1,旋回 1,0.0092,0.0020,112.320,0.036
4.926,2.272,1,旋回 1,0.0085,0.0018,114.388,0.035
4.946,2.292,1,旋回 1,0.0079,0.0017,115.267,0.033
4.966,2.312,1,旋回 1,0.0073,0.0016,115.149,0.032
4.986,2.332,1,旋回 1,0.0067,0.0014,114.203,0.030
5.006,2.352,1,旋回 1,0.0062,0.0013,112.572,0.029
5.026,2.372,1,旋回 1,0.0057,0.0012,110.383,0.027
5.046,2.392,1,旋回 1,0.0052,0.0011,107.746,0.025
5.066,2.412,1,旋回 1,0.0048,0.0010,104.754,0.024
5.086,2.432,1,旋回 1,0.0044,0.0009,101.490,0.022
5.106,2.452,1,旋回 1,0.0040,0.0009,98.022,0.020
5.126,2.472,1,旋回 1,0.0036,0.0008,94.411,0.018
5.146,2.492,1,旋回 1,0.0033,0.0007,90.706,0.017
5.166,2.512,1,旋回 1,0.0030,0.0007,86.950,0.015
5.186,2.532,1,旋回 1,0.0028,0.0006,83.181,0.014
5.206,2.552,1,旋回 1,0.0025,0.0006,79.427,0.013
5.226,2.572,1,旋回 1,0.0023,0.0005,75.715,0.012
5.246,2.592,1,旋回 1,0.0021,0.0005,72.064,0.011
5.266,2.612,1,旋回 1,0.0019,0.0004,68.491,0.010
5.286,2.632,1,旋回 1,0.0018,0.0004,65.009,0.009
5.306,2.652,1,旋回 1,0.0016,0.0004,61.630,0.008
5.326,2.672,1,旋回 1,0.0015,0.0003,58.360,0.007
5.346,2.692,1,旋回 1,0.0014,0.0003,55.205,0.006
5.366,2.712,1,旋回 1,0.0012,0.0003,52.171,0.006
5.386,2.732,1,旋回 1,0.0011,0.0003,49.258,0.005
5.406,2.752,1,旋回 1,0.0010,0.0002,46.468,0.005
5.426,2.772,1,旋回 1,0.0010,0.0002,43.801,0.004
5.446,2.792,1,旋回 1,0.0009,0.0002,41.256,0.004
5.466,2.812,1,旋回 1,0.0008,0.0002,38.833,0.004
5.486,2.832,1,旋回 1,0.0007,0.0002,36.527,0.003
5.506,2.852,1,旋回 1,0.0007,0.0002,34.337,0.003
5.526,2.872,1,旋回 1,0.0006,0.0002,32.259,0.003
5.546,2.892,1,旋回 1,0.0006,0.0001,30.290,0.003
5.566,2.912,1,旋回 1,0.0005,0.0001,28.427,0.002
5.586,2.932,1,旋回 1,0.0005,0.0001,26.665,0.002
5.606,2.952,1,旋回 1,0.0005,0.0001,25.001,0.002
5.626,2.972,1,旋回 1,0.0004,0.0001,23.430,0.002
5.646,2.992,1,旋回 1,0.0004,0.0001,21.948,0.002
5.666,3.012,1,旋回 1,0.0004,0.0001,20.552,0.001
5.686,3.032,1,旋回 1,0.0003,0.0001,19.238,0.001
5.706,3.052,1,旋回 1,0.0003,0.0001,18.001,0.001
5.726,3.072,1,旋回 1,0.0003,0.0001,16.838,0.001
5.746,3.092,1,旋回 1,0.0003,0.0001,15.745,0.001
5.766,3.112,1,旋回 1,0.0002,0.0001,14.718,0.001
5.786,3.132,1,旋回 1,0.0002,0.0001,13.754,0.001
5.806,3.152,1,旋回 1,0.0002,0.0000,12.850,0.001
5.826,3.172,1,旋回 1,0.0002,0.0000,12.002,0.001
5.846,3.192,1,旋回 1,0.0002,0.0000,11.207,0.001
5.866,3.212,1,旋回 1,0.0002,0.0000,10.462,0.001
5.886,3.232,1,旋回 1,0.0001,0.0000,9.764,0.001
5.906,3.252,1,旋回 1,0.0001,0.0000,9.111,0.001
5.926,3.272,1,旋回 1,0.0001,0.0000,8.499,0.001
5.946,3.292,1,旋回 1,0.0001,0.0000,7.927,0.000
5.966,3.312,1,旋回 1,0.0001,0.0000,7.392,0.000
5.986,3.332,1,旋回 1,0.0001,0.0000,6.892,0.000
6.006,3.352,1,旋回 1,0.0001,0.0000,6.425,0.000
6.026,3.372,1,旋回 1,0.0001,0.0000,5.988,0.000
6.046,3.392,1,旋回 1,0.0001,0.0000,5.580,0.000
6.066,3.412,1,旋回 1,0.0001,0.0000,5.199,0.000
6.086,3.432,1,旋回 1,0.0001,0.0000,4.843,0.000
6.106,3.452,1,旋回 1,0.0001,0.0000,4.511,0.000
6.126,3.472,1,旋回 1,0.0001,0.0000,4.201,0.000
6.146,3.492,1,旋回 1,0.0001,0.0000,3.912,0.000
6.166,3.512,1,旋回 1,0.0000,0.0000,3.642,0.000
6.186,3.532,1,前進 2,0.0540,0.0006,3.056,3.000
6.206,3.552,1,前進 2,0.1140,0.0023,2.512,3.000
6.226,3.572,1,前進 2,0.1740,0.0052,2.039,3.000
6.246,3.592,1,前進 2,0.2340,0.0094,1.631,3.000
6.266,3.612,1,前進 2,0.2940,0.0147,1.279,3.000
6.286,3.632,1,前進 2,0.3540,0.0213,0.976,3.000
6.306,3.652,1,前進 2,0.4140,0.0290,0.717,3.000
6.326,3.672,1,前進 2,0.4740,0.0379,0.495,3.000
6.346,3.692,1,前進 2,0.5340,0.0481,0.307,3.000
6.366,3.712,1,前進 2,0.5940,0.0594,0.148,3.000
6.386,3.732,1,前進 2,0.6540,0.0720,0.014,2.999
6.406,3.752,1,前進 2,0.7140,0.0857,-0.097,3.001
6.426,3.772,1,前進 2,0.7740,0.1006,-0.189,2.999
6.446,3.792,1,前進 2,0.8340,0.1168,-0.264,2.999
6.466,3.812,1,前進 2,0.8940,0.1341,-0.325,3.003
6.486,3.832,1,前進 2,0.9000,0.1521,-0.373,0.016
6.506,3.852,1,前進 2,0.9000,0.1701,-0.411,0.017
6.526,3.872,1,前進 2,0.9000,0.1881,-0.439,0.017
6.546,3.892,1,前進 2,0.9000,0.2061,-0.459,0.018
6.566,3.912,1,前進 2,0.9000,0.2241,-0.473,0.018
6.586,3.932,1,前進 2,0.9000,0.2421,-0.480,0.017
6.606,3.952,1,前進 2,0.9000,0.2601,-0.483,0.017
6.626,3.972,1,前進 2,0.9000,0.2781,-0.482,0.016
6.646,3.992,1,前進 2,0.9000,0.2961,-0.477,0.015
6.666,4.012,1,前進 2,0.9000,0.3141,-0.470,0.015
6.686,4.032,1,前進 2,0.9000,0.3321,-0.461,0.014
6.706,4.052,1,前進 2,0.9000,0.3501,-0.449,0.013
6.726,4.072,1,前進 2,0.9000,0.3681,-0.437,0.012
6.746,4.092,1,前進 2,0.9000,0.3861,-0.423,0.011
6.766,4.112,1,前進 2,0.9000,0.4041,-0.408,0.010
6.786,4.132,1,前進 2,0.9000,0.4221,-0.393,0.008
6.806,4.152,1,前進 2,0.9000,0.4401,-0.377,0.008
6.826,4.172,1,前進 2,0.9000,0.4581,-0.362,0.007
6.846,4.192,1,前進 2,0.8847,0.4761,-0.346,3.003
6.866,4.212,1,前進 2,0.8247,0.4931,-0.330,3.003
6.886,4.232,1,前進 2,0.7647,0.5089,-0.315,3.010
6.906,4.252,1,前進 2,0.7047,0.5236,-0.299,3.010
6.926,4.272,1,前進 2,0.6447,0.5370,-0.284,3.010
6.946,4.292,1,前進 2,0.5847,0.5492,-0.270,3.010
6.966,4.312,1,前進 2,0.5247,0.5603,-0.256,3.010
6.986,4.332,1,前進 2,0.4647,0.5701,-0.242,3.010
7.006,4.352,1,前進 2,0.4047,0.5787,-0.229,3.010
7.026,4.372,1,前進 2,0.3447,0.5862,-0.216,3.010
7.046,4.392,1,前進 2,0.2847,0.5924,-0.204,3.010
7.066,4.412,1,前進 2,0.2282,0.5974,-0.193,1.744
7.086,4.432,1,前進 2,0.1946,0.6016,-0.182,1.625
7.106,4.452,1,前進 2,0.1634,0.6052,-0.171,1.505
7.126,4.472,1,前進 2,0.1344,0.6081,-0.161,1.401
7.146,4.492,1,前進 2,0.1075,0.6105,-0.151,1.297
7.166,4.512,1,前進 2,0.0825,0.6124,-0.142,1.207
7.186,4.532,1,前進 2,0.0592,0.6138,-0.134,1.133
7.206,4.552,1,前進 2,0.0376,0.6147,-0.126,1.043
7.226,4.572,1,前進 2,0.0176,0.6152,-0.118,0.969
7.246,4.592,1,前進 2,0.0018,0.6154,-0.110,0.909
7.266,4.612,1,前進 2,0.0185,0.6152,-0.104,0.835
7.286,4.632,1,前進 2,0.0346,0.6146,-0.097,0.775
7.306,4.652,1,前進 2,0.0496,0.6138,-0.091,0.730
7.326,4.672,1,前進 2,0.0636,0.6126,-0.085,0.671
7.346,4.692,1,前進 2,0.0765,0.6112,-0.080,0.626
7.366,4.712,1,前進 2,0.0886,0.6095,-0.075,0.581
7.386,4.732,1,前進 2,0.0998,0.6076,-0.070,0.537
7.406,4.752,1,前進 2,0.1103,0.6055,-0.065,0.507
7.426,4.772,1,前進 2,0.1200,0.6032,-0.061,0.477
7.446,4.792,1,前進 2,0.1290,0.6007,-0.057,0.432
7.466,4.812,1,前進 2,0.1375,0.5980,-0.053,0.402
7.486,4.832,1,前進 2,0.1453,0.5952,-0.050,0.373
7.506,4.852,1,前進 2,0.1526,0.5922,-0.046,0.343
7.526,4.872,1,前進 2,0.1594,0.5891,-0.043,0.328
7.546,4.892,1,前進 2,0.1658,0.5858,-0.040,0.313
7.566,4.912,1,前進 2,0.1717,0.5824,-0.038,0.283
7.586,4.932,1,前進 2,0.1772,0.5790,-0.035,0.253
7.606,4.952,1,前進 2,0.1824,0.5754,-0.033,0.253
7.626,4.972,1,前進 2,0.1872,0.5717,-0.031,0.224
7.646,4.992,1,前進 2,0.1917,0.5679,-0.029,0.224
7.666,5.012,1,前進 2,0.1959,0.5640,-0.027,0.209
7.686,5.032,1,前進 2,0.1998,0.5600,-0.025,0.194
7.706,5.052,1,前進 2,0.2034,0.5560,-0.023,0.179
7.726,5.072,1,前進 2,0.2069,0.5519,-0.022,0.164
7.746,5.092,1,前進 2,0.2101,0.5477,-0.020,0.164
7.766,5.112,1,前進 2,0.2131,0.5435,-0.019,0.149
7.786,5.132,1,前進 2,0.2159,0.5392,-0.017,0.134
7.806,5.152,1,前進 2,0.2185,0.5348,-0.016,0.134
7.826,5.172,1,前進 2,0.2210,0.5304,-0.015,0.119
7.846,5.192,1,前進 2,0.2234,0.5260,-0.014,0.119
7.866,5.212,1,前進 2,0.2256,0.5215,-0.013,0.104
7.886,5.232,1,前進 2,0.2276,0.5170,-0.012,0.104
7.906,5.252,1,前進 2,0.2296,0.5124,-0.011,0.104
7.926,5.272,1,前進 2,0.2314,0.5078,-0.011,0.089
7.946,5.292,1,前進 2,0.2332,0.5031,-0.010,0.075
7.966,5.312,1,前進 2,0.2348,0.4984,-0.009,0.082
7.986,5.332,1,前進 2,0.2364,0.4937,-0.008,0.075
8.006,5.352,1,前進 2,0.2379,0.4890,-0.008,0.075
8.026,5.372,1,前進 2,0.2393,0.4842,-0.007,0.067
8.046,5.392,1,前進 2,0.2407,0.4794,-0.007,0.067
8.066,5.412,1,前進 2,0.2420,0.4746,-0.006,0.067
8.086,5.432,1,前進 2,0.2432,0.4697,-0.006,0.067
8.106,5.452,1,前進 2,0.2444,0.4648,-0.005,0.060
8.126,5.472,1,前進 2,0.2455,0.4599,-0.005,0.060
8.146,5.492,1,前進 2,0.2466,0.4550,-0.005,0.052
8.166,5.512,1,前進 2,0.2477,0.4501,-0.004,0.052
8.186,5.532,1,前進 2,0.2487,0.4451,-0.004,0.052
8.206,5.552,1,前進 2,0.2497,0.4401,-0.004,0.052
8.226,5.572,1,前進 2,0.2507,0.4351,-0.004,0.045
8.246,5.592,1,前進 2,0.2516,0.4301,-0.003,0.045
8.266,5.612,1,前進 2,0.2526,0.4251,-0.003,0.045
8.286,5.632,1,前進 2,0.2535,0.4200,-0.003,0.045
8.306,5.652,1,前進 2,0.2544,0.4149,-0.003,0.045
8.326,5.672,1,前進 2,0.2553,0.4098,-0.002,0.045
8.346,5.692,1,前進 2,0.2562,0.4047,-0.002,0.045
8.366,5.712,1,前進 2,0.2570,0.3996,-0.002,0.045
8.386,5.732,1,前進 2,0.2579,0.3944,-0.002,0.045
8.406,5.752,1,前進 2,0.2588,0.3893,-0.002,0.045
8.426,5.772,1,前進 2,0.2596,0.3841,-0.002,0.037
8.446,5.792,1,前進 2,0.2605,0.3789,-0.002,0.045
8.466,5.812,1,前進 2,0.2614,0.3736,-0.001,0.045
8.486,5.832,1,前進 2,0.2623,0.3684,-0.001,0.045
8.506,5.852,1,前進 2,0.2632,0.3632,-0.001,0.052
8.526,5.872,1,前進 2,0.2641,0.3579,-0.001,0.045
8.546,5.892,1,前進 2,0.2650,0.3526,-0.001,0.052
8.566,5.912,1,前進 2,0.2660,0.3473,-0.001,0.052
8.586,5.932,1,前進 2,0.2670,0.3419,-0.001,0.052
8.606,5.952,1,前進 2,0.2680,0.3366,-0.001,0.052
8.626,5.972,1,前進 2,0.2690,0.3312,-0.001,0.052
8.646,5.992,1,前進 2,0.2701,0.3258,-0.001,0.052
8.666,6.012,1,前進 2,0.2711,0.3204,-0.001,0.052
8.686,6.032,1,前進 2,0.2723,0.3150,-0.001,0.052
8.706,6.052,1,前進 2,0.2734,0.3095,-0.001,0.060
8.726,6.072,1,前進 2,0.2747,0.3040,-0.001,0.060
8.746,6.092,1,前進 2,0.2760,0.2985,-0.001,0.067
8.766,6.112,1,前進 2,0.2773,0.2930,0.000,0.075
8.786,6.132,1,前進 2,0.2787,0.2874,0.000,0.067
8.806,6.152,1,前進 2,0.2802,0.2819,0.000,0.075
8.826,6.172,1,前進 2,0.2817,0.2762,0.000,0.082
8.846,6.192,1,前進 2,0.2833,0.2706,0.000,0.082
8.866,6.212,1,前進 2,0.2851,0.2649,0.000,0.089
8.886,6.232,1,前進 2,0.2869,0.2592,0.000,0.089
8.906,6.252,1,前進 2,0.2889,0.2534,0.000,0.104
8.926,6.272,1,前進 2,0.2909,0.2476,0.000,0.108
8.946,6.292,1,前進 2,0.2932,0.2418,0.000,0.116
8.966,6.312,1,前進 2,0.2956,0.2359,0.000,0.127
8.986,6.332,1,前進 2,0.2982,0.2299,0.000,0.138
9.006,6.352,1,前進 2,0.3011,0.2239,0.000,0.149
9.026,6.372,1,前進 2,0.3042,0.2179,0.000,0.160
9.046,6.392,1,前進 2,0.3076,0.2118,0.000,0.179
9.066,6.412,1,前進 2,0.3114,0.2056,0.000,0.197
9.086,6.432,1,前進 2,0.3156,0.1993,0.000,0.224
9.106,6.452,1,前進 2,0.3203,0.1929,0.000,0.250
9.126,6.472,1,前進 2,0.3257,0.1865,0.000,0.287
9.146,6.492,1,前進 2,0.3319,0.1799,0.000,0.335
9.166,6.512,1,前進 2,0.3392,0.1732,0.000,0.395
9.186,6.532,1,前進 2,0.3480,0.1663,0.000,0.477
9.206,6.552,1,前進 2,0.3589,0.1592,0.000,0.607
9.226,6.572,1,前進 2,0.4047,0.1516,0.000,2.999
9.246,6.592,1,前進 2,0.4647,0.1429,0.000,2.999
9.266,6.612,1,前進 2,0.5247,0.1329,0.000,2.999
9.286,6.632,1,前進 2,0.4947,0.1227,0.000,1.995
9.306,6.652,1,前進 2,0.4565,0.1132,0.000,1.841
9.326,6.672,1,前進 2,0.4213,0.1045,0.000,1.699
9.346,6.692,1,前進 2,0.3887,0.0964,0.000,1.567
9.366,6.712,1,前進 2,0.3587,0.0890,0.000,1.447
9.386,6.732,1,前進 2,0.3310,0.0821,0.000,1.336
9.406,6.752,1,前進 2,0.3055,0.0758,0.000,1.233
9.426,6.772,1,前進 2,0.2819,0.0699,0.000,1.136
9.446,6.792,1,前進 2,0.2602,0.0645,0.000,1.049
9.466,6.812,1,前進 2,0.2401,0.0595,0.000,0.968
9.486,6.832,1,前進 2,0.2216,0.0549,0.000,0.893
9.506,6.852,1,前進 2,0.2045,0.0507,0.000,0.824
9.526,6.872,1,前進 2,0.1887,0.0468,0.000,0.761
9.546,6.892,1,前進 2,0.1741,0.0432,0.000,0.702
9.566,6.912,1,前進 2,0.1607,0.0398,0.000,0.647
9.586,6.932,1,前進 2,0.1483,0.0368,0.000,0.598
9.606,6.952,1,前進 2,0.1368,0.0339,0.000,0.552
9.626,6.972,1,前進 2,0.1263,0.0313,0.000,0.510
9.646,6.992,1,前進 2,0.1165,0.0289,0.000,0.470
9.666,7.012,1,前進 2,0.1075,0.0267,0.000,0.434
9.686,7.032,1,前進 2,0.0992,0.0246,0.000,0.401
9.706,7.052,1,前進 2,0.0916,0.0227,0.000,0.369
9.726,7.072,1,前進 2,0.0845,0.0210,0.000,0.340
9.746,7.092,1,旋回 3,0.0180,0.0197,1.200,3.000
9.766,7.112,1,旋回 3,0.0755,0.0187,5.196,1.751
9.786,7.132,1,旋回 3,0.0697,0.0173,9.189,0.282
9.806,7.152,1,旋回 3,0.0643,0.0159,13.178,0.260
9.826,7.172,1,旋回 3,0.0594,0.0147,17.162,0.240
9.846,7.192,1,旋回 3,0.0548,0.0136,21.143,0.220
9.866,7.212,1,旋回 3,0.0507,0.0125,25.120,0.203
9.886,7.232,1,旋回 3,0.0468,0.0116,29.092,0.186
9.906,7.252,1,旋回 3,0.0433,0.0107,33.061,0.171
9.926,7.272,1,旋回 3,0.0400,0.0098,37.026,0.157
9.946,7.292,1,旋回 3,0.0370,0.0091,40.986,0.145
9.966,7.312,1,旋回 3,0.0343,0.0084,44.943,0.133
9.986,7.332,1,旋回 3,0.0317,0.0077,48.896,0.123
10.006,7.352,1,旋回 3,0.0294,0.0071,52.845,0.113
10.026,7.372,1,旋回 3,0.0272,0.0066,56.790,0.104
10.046,7.392,1,旋回 3,0.0252,0.0061,60.731,0.096
10.066,7.412,1,旋回 3,0.0234,0.0056,64.668,0.089
10.086,7.432,1,旋回 3,0.0217,0.0051,68.601,0.083
10.106,7.452,1,旋回 3,0.0201,0.0047,72.531,0.076
10.126,7.472,1,旋回 3,0.0186,0.0044,76.456,0.071
10.146,7.492,1,旋回 3,0.0173,0.0040,80.377,0.066
10.166,7.512,1,旋回 3,0.0160,0.0037,84.295,0.061
10.186,7.532,1,旋回 3,0.0149,0.0034,88.208,0.057
10.206,7.552,1,旋回 3,0.0138,0.0031,92.118,0.053
10.226,7.572,1,旋回 3,0.0128,0.0029,96.024,0.049
10.246,7.592,1,旋回 3,0.0119,0.0027,99.926,0.046
10.266,7.612,1,旋回 3,0.0110,0.0025,103.824,0.043
10.286,7.632,1,旋回 3,0.0102,0.0023,107.718,0.040
10.306,7.652,1,旋回 3,0.0095,0.0021,111.436,0.037
10.326,7.672,1,旋回 3,0.0088,0.0019,113.902,0.035
10.346,7.692,1,旋回 3,0.0081,0.0018,115.116,0.034
10.366,7.712,1,旋回 3,0.0075,0.0016,115.279,0.032
10.386,7.732,1,旋回 3,0.0069,0.0015,114.565,0.031
10.406,7.752,1,旋回 3,0.0064,0.0014,113.125,0.029
10.426,7.772,1,旋回 3,0.0059,0.0012,111.092,0.028
10.446,7.792,1,旋回 3,0.0054,0.0011,108.578,0.026
10.466,7.812,1,旋回 3,0.0049,0.0011,105.684,0.024
10.486,7.832,1,旋回 3,0.0045,0.0010,102.494,0.022
10.506,7.852,1,旋回 3,0.0041,0.0009,99.080,0.021
10.526,7.872,1,旋回 3,0.0038,0.0008,95.506,0.019
10.546,7.892,1,旋回 3,0.0034,0.0008,91.824,0.017
10.566,7.912,1,旋回 3,0.0031,0.0007,88.080,0.016
10.586,7.932,1,旋回 3,0.0029,0.0006,84.312,0.015
10.606,7.952,1,旋回 3,0.0026,0.0006,80.550,0.013
10.626,7.972,1,旋回 3,0.0024,0.0005,76.823,0.012
10.646,7.992,1,旋回 3,0.0022,0.0005,73.152,0.011
10.666,8.012,1,旋回 3,0.0020,0.0005,69.554,0.010
10.686,8.032,1,旋回 3,0.0018,0.0004,66.044,0.009
10.706,8.052,1,旋回 3,0.0017,0.0004,62.633,0.008
10.726,8.072,1,旋回 3,0.0015,0.0004,59.329,0.007
10.746,8.092,1,旋回 3,0.0014,0.0003,56.140,0.007
10.766,8.112,1,旋回 3,0.0013,0.0003,53.069,0.006
10.786,8.132,1,旋回 3,0.0012,0.0003,50.119,0.005
10.806,8.152,1,旋回 3,0.0011,0.0003,47.292,0.005
10.826,8.172,1,旋回 3,0.0010,0.0002,44.588,0.005
10.846,8.192,1,旋回 3,0.0009,0.0002,42.007,0.004
10.866,8.212,1,旋回 3,0.0008,0.0002,39.547,0.004
10.886,8.232,1,旋回 3,0.0008,0.0002,37.207,0.003
10.906,8.252,1,旋回 3,0.0007,0.0002,34.982,0.003
10.926,8.272,1,旋回 3,0.0006,0.0002,32.871,0.003
10.946,8.292,1,旋回 3,0.0006,0.0001,30.870,0.003
10.966,8.312,1,旋回 3,0.0005,0.0001,28.976,0.002
10.986,8.332,1,旋回 3,0.0005,0.0001,27.184,0.002
11.006,8.352,1,旋回 3,0.0005,0.0001,25.490,0.002
11.026,8.372,1,旋回 3,0.0004,0.0001,23.892,0.002
11.046,8.392,1,旋回 3,0.0004,0.0001,22.384,0.002
11.066,8.412,1,旋回 3,0.0004,0.0001,20.963,0.002
11.086,8.432,1,旋回 3,0.0003,0.0001,19.624,0.001
11.106,8.452,1,旋回 3,0.0003,0.0001,18.364,0.001
11.126,8.472,1,旋回 3,0.0003,0.0001,17.180,0.001
11.146,8.492,1,旋回 3,0.0003,0.0001,16.066,0.001
11.166,8.512,1,旋回 3,0.0002,0.0001,15.020,0.001
11.186,8.532,1,旋回 3,0.0002,0.0001,14.037,0.001
11.206,8.552,1,旋回 3,0.0002,0.0001,13.115,0.001
11.226,8.572,1,旋回 3,0.0002,0.0000,12.251,0.001
11.246,8.592,1,旋回 3,0.0002,0.0000,11.440,0.001
11.266,8.612,1,旋回 3,0.0002,0.0000,10.680,0.001
11.286,8.632,1,旋回 3,0.0001,0.0000,9.969,0.001
11.306,8.652,1,旋回 3,0.0001,0.0000,9.302,0.001
11.326,8.672,1,旋回 3,0.0001,0.0000,8.679,0.001
11.346,8.692,1,旋回 3,0.0001,0.0000,8.095,0.000
11.366,8.712,1,旋回 3,0.0001,0.0000,7.549,0.000
11.386,8.732,1,旋回 3,0.0001,0.0000,7.039,0.000
11.406,8.752,1,旋回 3,0.0001,0.0000,6.562,0.000
11.426,8.772,1,旋回 3,0.0001,0.0000,6.116,0.000
11.446,8.792,1,旋回 3,0.0001,0.0000,5.699,0.000
11.466,8.812,1,旋回 3,0.0001,0.0000,5.310,0.000
11.486,8.832,1,旋回 3,0.0001,0.0000,4.947,0.000
11.506,8.852,1,旋回 3,0.0001,0.0000,4.608,0.000
11.526,8.872,1,旋回 3,0.0001,0.0000,4.292,0.000
11.546,8.892,1,旋回 3,0.0001,0.0000,3.996,0.000
11.566,8.912,1,旋回 3,0.0000,0.0000,3.721,0.000
11.586,8.932,1,前進 4,0.0360,0.0003,3.235,3.000
11.606,8.952,1,前進 4,0.0960,0.0016,2.667,3.000
11.626,8.972,1,前進 4,0.1560,0.0042,2.174,3.000
11.646,8.992,1,前進 4,0.2160,0.0080,1.747,3.000
11.666,9.012,1,前進 4,0.2760,0.0130,1.379,3.000
11.686,9.032,1,前進 4,0.3360,0.0192,1.062,3.000
11.706,9.052,1,前進 4,0.3960,0.0265,0.790,3.000
11.726,9.072,1,前進 4,0.4560,0.0351,0.558,3.000
11.746,9.092,1,前進 4,0.5160,0.0449,0.360,3.000
11.766,9.112,1,前進 4,0.5760,0.0559,0.193,2.999
11.786,9.132,1,前進 4,0.6360,0.0681,0.052,2.998
11.806,9.152,1,前進 4,0.6960,0.0814,-0.066,3.000
11.826,9.172,1,前進 4,0.7560,0.0960,-0.163,3.000
11.846,9.192,1,前進 4,0.8160,0.1118,-0.243,3.001
11.866,9.212,1,前進 4,0.8760,0.1288,-0.308,3.001
11.886,9.232,1,前進 4,0.9000,0.1467,-0.360,0.015
11.906,9.252,1,前進 4,0.9000,0.1647,-0.400,0.017
11.926,9.272,1,前進 4,0.9000,0.1827,-0.431,0.017
11.946,9.292,1,前進 4,0.9000,0.2007,-0.454,0.018
11.966,9.312,1,前進 4,0.9000,0.2187,-0.469,0.018
11.986,9.332,1,前進 4,0.9000,0.2367,-0.478,0.017
12.006,9.352,1,前進 4,0.9000,0.2547,-0.483,0.017
12.025,9.372,1,前進 4,0.9000,0.2727,-0.483,0.017
12.045,9.392,1,前進 4,0.9000,0.2907,-0.479,0.016
12.065,9.412,1,前進 4,0.9000,0.3087,-0.473,0.017
12.085,9.432,1,前進 4,0.9000,0.3267,-0.464,0.014
12.105,9.452,1,前進 4,0.9000,0.3447,-0.453,0.013
12.125,9.472,1,前進 4,0.9000,0.3627,-0.441,0.012
12.145,9.492,1,前進 4,0.9000,0.3807,-0.427,0.010
12.165,9.512,1,前進 4,0.9000,0.3987,-0.413,0.010
12.185,9.532,1,前進 4,0.9000,0.4167,-0.398,0.009
12.205,9.552,1,前進 4,0.9000,0.4347,-0.382,0.008
12.225,9.572,1,前進 4,0.9000,0.4527,-0.366,0.007
12.245,9.592,1,前進 4,0.9000,0.4707,-0.351,0.006
12.265,9.612,1,前進 4,0.9000,0.4887,-0.335,0.005
12.285,9.632,1,前進 4,0.9000,0.5067,-0.319,0.004
12.305,9.652,1,前進 4,0.9000,0.5247,-0.304,0.003
12.325,9.672,1,前進 4,0.9000,0.5427,-0.289,0.003
12.345,9.692,1,前進 4,0.9000,0.5607,-0.274,0.002
12.365,9.712,1,前進 4,0.9000,0.5787,-0.260,0.002
12.385,9.732,1,前進 4,0.9000,0.5967,-0.246,0.001
12.405,9.752,1,前進 4,0.9000,0.6147,-0.233,0.000
12.425,9.772,1,前進 4,0.8589,0.6324,-0.220,3.012
12.445,9.792,1,前進 4,0.7989,0.6489,-0.208,2.997
12.465,9.812,1,前進 4,0.7389,0.6642,-0.196,2.997
12.485,9.832,1,前進 4,0.6789,0.6783,-0.185,2.997
12.505,9.852,1,前進 4,0.6189,0.6913,-0.174,2.997
12.525,9.872,1,前進 4,0.5589,0.7030,-0.164,2.997
12.545,9.892,1,前進 4,0.4989,0.7135,-0.154,2.997
12.565,9.912,1,前進 4,0.4389,0.7228,-0.145,2.997
12.585,9.932,1,前進 4,0.3789,0.7309,-0.136,2.997
12.605,9.952,1,前進 4,0.3189,0.7379,-0.128,2.997
12.625,9.972,1,前進 4,0.2589,0.7436,-0.120,2.997
12.645,9.992,1,前進 4,0.2072,0.7481,-0.113,1.670
12.665,10.012,1,前進 4,0.1749,0.7519,-0.106,1.566
12.685,10.032,1,前進 4,0.1449,0.7551,-0.099,1.446
12.705,10.052,1,前進 4,0.1170,0.7577,-0.093,1.342
12.725,10.072,1,前進 4,0.0912,0.7597,-0.087,1.253
12.745,10.092,1,前進 4,0.0672,0.7613,-0.081,1.163
12.765,10.112,1,前進 4,0.0450,0.7624,-0.076,1.074
12.785,10.132,1,前進 4,0.0244,0.7630,-0.071,0.999
12.805,10.152,1,前進 4,0.0053,0.7633,-0.067,0.924
12.825,10.172,1,前進 4,0.0126,0.7632,-0.062,0.865
12.845,10.192,1,前進 4,0.0291,0.7628,-0.058,0.790
12.865,10.212,1,前進 4,0.0445,0.7620,-0.054,0.746
12.885,10.232,1,前進 4,0.0587,0.7610,-0.051,0.686
12.905,10.252,1,前進 4,0.0719,0.7597,-0.047,0.641
12.925,10.272,1,前進 4,0.0842,0.7581,-0.044,0.582
12.945,10.292,1,前進 4,0.0956,0.7563,-0.041,0.552
12.965,10.312,1,前進 4,0.1062,0.7542,-0.039,0.522
12.985,10.332,1,前進 4,0.1160,0.7520,-0.036,0.462
13.005,10.352,1,前進 4,0.1251,0.7496,-0.033,0.447
13.025,10.372,1,前進 4,0.1336,0.7470,-0.031,0.403
13.045,10.392,1,前進 4,0.1415,0.7442,-0.029,0.388
13.065,10.412,1,前進 4,0.1488,0.7413,-0.027,0.358
13.085,10.432,1,前進 4,0.1556,0.7383,-0.025,0.328
13.105,10.452,1,前進 4,0.1620,0.7351,-0.024,0.313
13.125,10.472,1,前進 4,0.1679,0.7318,-0.022,0.283
13.145,10.492,1,前進 4,0.1734,0.7284,-0.020,0.268
13.165,10.512,1,前進 4,0.1785,0.7248,-0.019,0.239
13.185,10.532,1,前進 4,0.1832,0.7212,-0.018,0.224
13.205,10.552,1,前進 4,0.1876,0.7175,-0.017,0.209
13.225,10.572,1,前進 4,0.1917,0.7137,-0.015,0.194
13.245,10.592,1,前進 4,0.1956,0.7098,-0.014,0.194
13.265,10.612,1,前進 4,0.1991,0.7059,-0.013,0.164
13.285,10.632,1,前進 4,0.2025,0.7019,-0.012,0.164
13.305,10.652,1,前進 4,0.2055,0.6978,-0.012,0.149
13.325,10.672,1,前進 4,0.2084,0.6936,-0.011,0.134
13.345,10.692,1,前進 4,0.2112,0.6894,-0.010,0.134
13.365,10.712,1,前進 4,0.2137,0.6852,-0.009,0.119
13.385,10.732,1,前進 4,0.2160,0.6809,-0.009,0.119
13.405,10.752,1,前進 4,0.2182,0.6765,-0.008,0.119
13.425,10.772,1,前進 4,0.2202,0.6721,-0.007,0.089
13.445,10.792,1,前進 4,0.2222,0.6677,-0.007,0.090
13.465,10.812,1,前進 4,0.2240,0.6633,-0.006,0.089
13.485,10.832,1,前進 4,0.2257,0.6588,-0.006,0.089
13.505,10.852,1,前進 4,0.2273,0.6542,-0.006,0.089
13.525,10.872,1,前進 4,0.2287,0.6497,-0.005,0.075
13.545,10.892,1,前進 4,0.2301,0.6451,-0.005,0.075
13.565,10.912,1,前進 4,0.2314,0.6405,-0.005,0.060
13.585,10.932,1,前進 4,0.2327,0.6358,-0.004,0.060
13.605,10.952,1,前進 4,0.2338,0.6312,-0.004,0.060
13.625,10.972,1,前進 4,0.2349,0.6265,-0.004,0.060
13.645,10.992,1,前進 4,0.2360,0.6218,-0.003,0.060
13.665,11.012,1,前進 4,0.2369,0.6170,-0.003,0.045
13.685,11.032,1,前進 4,0.2378,0.6123,-0.003,0.045
13.705,11.052,1,前進 4,0.2387,0.6075,-0.003,0.045
13.725,11.072,1,前進 4,0.2396,0.6027,-0.002,0.045
13.745,11.092,1,前進 4,0.2404,0.5979,-0.002,0.045
13.765,11.112,1,前進 4,0.2411,0.5931,-0.002,0.045
13.785,11.132,1,前進 4,0.2418,0.5883,-0.002,0.030
13.805,11.152,1,前進 4,0.2425,0.5834,-0.002,0.030
13.825,11.172,1,前進 4,0.2432,0.5786,-0.002,0.045
13.845,11.192,1,前進 4,0.2438,0.5737,-0.002,0.030
13.865,11.212,1,前進 4,0.2444,0.5688,-0.001,0.030
13.885,11.232,1,前進 4,0.2450,0.5639,-0.001,0.030
13.905,11.252,1,前進 4,0.2456,0.5590,-0.001,0.030
13.925,11.272,1,前進 4,0.2462,0.5541,-0.001,0.030
13.945,11.292,1,前進 4,0.2467,0.5492,-0.001,0.030
13.965,11.312,1,前進 4,0.2472,0.5442,-0.001,0.030
13.985,11.332,1,前進 4,0.2477,0.5393,-0.001,0.030
14.005,11.352,1,前進 4,0.2483,0.5343,-0.001,0.030
14.025,11.372,1,前進 4,0.2487,0.5293,-0.001,0.015
14.045,11.392,1,前進 4,0.2492,0.5244,-0.001,0.015
14.065,11.412,1,前進 4,0.2497,0.5194,-0.001,0.015
14.085,11.432,1,前進 4,0.2502,0.5144,-0.001,0.015
14.105,11.452,1,前進 4,0.2506,0.5094,-0.001,0.030
14.125,11.472,1,前進 4,0.2511,0.5044,-0.001,0.015
14.145,11.492,1,前進 4,0.2516,0.4993,-0.001,0.022
14.165,11.512,1,前進 4,0.2520,0.4943,-0.001,0.022
14.185,11.532,1,前進 4,0.2525,0.4892,-0.001,0.022
14.205,11.552,1,前進 4,0.2529,0.4842,-0.001,0.022
14.225,11.572,1,前進 4,0.2534,0.4791,-0.001,0.022
14.245,11.592,1,前進 4,0.2538,0.4741,-0.001,0.022
14.265,11.612,1,前進 4,0.2543,0.4690,-0.001,0.022
14.285,11.632,1,前進 4,0.2548,0.4639,-0.001,0.022
14.305,11.652,1,前進 4,0.2552,0.4588,-0.001,0.022
14.325,11.672,1,前進 4,0.2557,0.4537,-0.001,0.022
14.345,11.692,1,前進 4,0.2562,0.4486,-0.001,0.022
14.365,11.712,1,前進 4,0.2567,0.4434,-0.001,0.022
14.385,11.732,1,前進 4,0.2572,0.4383,-0.001,0.022
14.405,11.752,1,前進 4,0.2577,0.4331,-0.001,0.022
14.425,11.772,1,前進 4,0.2582,0.4280,-0.001,0.030
14.445,11.792,1,前進 4,0.2588,0.4228,-0.001,0.022
14.465,11.812,1,前進 4,0.2593,0.4176,-0.001,0.030
14.485,11.832,1,前進 4,0.2599,0.4124,-0.001,0.030
14.505,11.852,1,前進 4,0.2604,0.4072,-0.001,0.030
14.525,11.872,1,前進 4,0.2610,0.4020,-0.001,0.030
14.545,11.892,1,前進 4,0.2616,0.3968,-0.001,0.030
14.565,11.912,1,前進 4,0.2622,0.3915,-0.001,0.030
14.585,11.932,1,前進 4,0.2629,0.3863,-0.001,0.030
14.605,11.952,1,前進 4,0.2635,0.3810,-0.001,0.037
14.625,11.972,1,前進 4,0.2642,0.3758,-0.001,0.037
14.645,11.992,1,前進 4,0.2649,0.3705,-0.001,0.037
14.665,12.011,1,前進 4,0.2656,0.3652,-0.001,0.037
14.685,12.031,1,前進 4,0.2663,0.3598,-0.001,0.037
14.705,12.051,1,前進 4,0.2671,0.3545,-0.001,0.037
14.725,12.071,1,前進 4,0.2679,0.3492,-0.001,0.045
14.745,12.091,1,前進 4,0.2687,0.3438,-0.001,0.037
14.765,12.111,1,前進 4,0.2696,0.3384,-0.001,0.045
14.785,12.131,1,前進 4,0.2705,0.3330,-0.001,0.045
14.805,12.151,1,前進 4,0.2715,0.3276,-0.001,0.045
14.825,12.171,1,前進 4,0.2724,0.3221,-0.001,0.045
14.845,12.191,1,前進 4,0.2735,0.3167,-0.001,0.052
14.865,12.211,1,前進 4,0.2745,0.3112,-0.001,0.052
14.885,12.231,1,前進 4,0.2757,0.3057,-0.001,0.060
14.905,12.251,1,前進 4,0.2769,0.3002,-0.001,0.060
14.925,12.271,1,前進 4,0.2781,0.2946,-0.001,0.060
14.945,12.291,1,前進 4,0.2794,0.2890,-0.001,0.067
14.965,12.311,1,前進 4,0.2808,0.2834,-0.001,0.075
14.985,12.331,1,前進 4,0.2823,0.2778,-0.001,0.075
15.005,12.351,1,前進 4,0.2838,0.2721,-0.001,0.082
15.025,12.371,1,前進 4,0.2855,0.2664,-0.001,0.089
15.045,12.391,1,前進 4,0.2873,0.2607,-0.001,0.089
15.065,12.411,1,前進 4,0.2891,0.2549,-0.001,0.097
15.085,12.431,1,前進 4,0.2912,0.2491,-0.001,0.104
15.105,12.451,1,前進 4,0.2933,0.2433,-0.001,0.112
15.125,12.471,1,前進 4,0.2957,0.2374,-0.001,0.123
15.145,12.491,1,前進 4,0.2982,0.2315,-0.001,0.130
15.165,12.511,1,前進 4,0.3010,0.2255,-0.001,0.145
15.185,12.531,1,前進 4,0.3040,0.2194,-0.001,0.157
15.205,12.551,1,前進 4,0.3073,0.2133,-0.001,0.171
15.225,12.571,1,前進 4,0.3109,0.2071,-0.001,0.190
15.245,12.591,1,前進 4,0.3150,0.2009,-0.001,0.216
15.265,12.611,1,前進 4,0.3196,0.1945,-0.001,0.242
15.285,12.631,1,前進 4,0.3248,0.1881,-0.001,0.276
15.305,12.651,1,前進 4,0.3308,0.1815,-0.001,0.321
15.325,12.671,1,前進 4,0.3379,0.1748,-0.001,0.380
15.345,12.691,1,前進 4,0.3463,0.1680,-0.001,0.458
15.365,12.711,1,前進 4,0.3566,0.1609,-0.001,0.570
15.385,12.731,1,前進 4,0.3928,0.1535,-0.001,3.001
15.405,12.751,1,前進 4,0.4528,0.1450,-0.001,3.001
15.425,12.771,1,前進 4,0.5128,0.1353,-0.001,3.001
15.445,12.791,1,前進 4,0.5037,0.1249,-0.001,2.032
15.465,12.811,1,前進 4,0.4648,0.1153,-0.001,1.875
15.485,12.831,1,前進 4,0.4289,0.1064,-0.001,1.730
15.505,12.851,1,前進 4,0.3958,0.0982,-0.001,1.595
15.525,12.871,1,前進 4,0.3653,0.0906,-0.001,1.472
15.545,12.891,1,前進 4,0.3371,0.0836,-0.001,1.361
15.565,12.911,1,前進 4,0.3111,0.0771,-0.001,1.254
15.585,12.931,1,前進 4,0.2870,0.0712,-0.001,1.157
15.605,12.951,1,前進 4,0.2649,0.0657,-0.001,1.068
15.625,12.971,1,前進 4,0.2444,0.0606,-0.001,0.986
15.645,12.991,1,前進 4,0.2256,0.0559,-0.001,0.910
15.665,13.011,1,前進 4,0.2082,0.0516,-0.001,0.840
15.685,13.031,1,前進 4,0.1921,0.0476,-0.001,0.775
15.705,13.051,1,前進 4,0.1773,0.0440,-0.001,0.715
15.725,13.071,1,前進 4,0.1636,0.0406,-0.001,0.660
15.745,13.091,1,前進 4,0.1510,0.0374,-0.001,0.609
15.765,13.111,1,前進 4,0.1393,0.0346,-0.001,0.561
15.785,13.131,1,前進 4,0.1286,0.0319,-0.001,0.519
15.805,13.151,1,前進 4,0.1186,0.0294,-0.001,0.479
15.825,13.171,1,前進 4,0.1095,0.0272,-0.001,0.441
15.845,13.191,1,前進 4,0.1010,0.0251,-0.001,0.407
15.865,13.211,1,前進 4,0.0932,0.0231,-0.001,0.376
15.885,13.231,1,前進 4,0.0860,0.0213,-0.001,0.347
15.905,13.251,1,旋回 5,0.0794,0.0197,-0.001,0.320
15.925,13.271,1,旋回 5,0.0600,0.0190,-3.999,3.000
15.945,13.291,1,旋回 5,0.0709,0.0176,-7.993,0.287
15.965,13.311,1,旋回 5,0.0655,0.0162,-11.983,0.265
15.985,13.331,1,旋回 5,0.0604,0.0150,-15.968,0.244
16.005,13.351,1,旋回 5,0.0558,0.0138,-19.950,0.225
16.025,13.371,1,旋回 5,0.0516,0.0128,-23.928,0.207
16.045,13.391,1,旋回 5,0.0476,0.0118,-27.902,0.190
16.065,13.411,1,旋回 5,0.0440,0.0109,-31.872,0.174
16.085,13.431,1,旋回 5,0.0407,0.0100,-35.838,0.160
16.105,13.451,1,旋回 5,0.0377,0.0092,-39.800,0.147
16.125,13.471,1,旋回 5,0.0349,0.0085,-43.758,0.136
16.145,13.491,1,旋回 5,0.0323,0.0079,-47.712,0.125
16.165,13.511,1,旋回 5,0.0299,0.0073,-51.662,0.115
16.185,13.531,1,旋回 5,0.0277,0.0067,-55.608,0.106
16.205,13.551,1,旋回 5,0.0257,0.0062,-59.550,0.098
16.225,13.571,1,旋回 5,0.0238,0.0057,-63.489,0.091
16.245,13.591,1,旋回 5,0.0220,0.0052,-67.423,0.084
16.265,13.611,1,旋回 5,0.0204,0.0048,-71.353,0.078
16.285,13.631,1,旋回 5,0.0189,0.0045,-75.280,0.072
16.305,13.651,1,旋回 5,0.0176,0.0041,-79.202,0.067
16.325,13.671,1,旋回 5,0.0163,0.0038,-83.121,0.062
16.345,13.691,1,旋回 5,0.0151,0.0035,-87.036,0.058
16.365,13.711,1,旋回 5,0.0140,0.0032,-90.947,0.054
16.385,13.731,1,旋回 5,0.0130,0.0030,-94.854,0.050
16.405,13.751,1,旋回 5,0.0121,0.0027,-98.757,0.047
16.425,13.771,1,旋回 5,0.0112,0.0025,-102.656,0.043
16.445,13.791,1,旋回 5,0.0104,0.0023,-106.551,0.041
16.465,13.811,1,旋回 5,0.0096,0.0021,-110.419,0.038
16.485,13.831,1,旋回 5,0.0089,0.0019,-113.304,0.036
16.505,13.851,1,旋回 5,0.0083,0.0018,-114.871,0.034
16.525,13.871,1,旋回 5,0.0076,0.0016,-115.330,0.032
16.545,13.891,1,旋回 5,0.0071,0.0015,-114.861,0.031
16.565,13.911,1,旋回 5,0.0065,0.0014,-113.624,0.030
16.585,13.931,1,旋回 5,0.0060,0.0013,-111.756,0.028
16.605,13.951,1,旋回 5,0.0055,0.0012,-109.376,0.026
16.625,13.971,1,旋回 5,0.0050,0.0011,-106.586,0.025
16.645,13.991,1,旋回 5,0.0046,0.0010,-103.476,0.023
16.665,14.011,1,旋回 5,0.0042,0.0009,-100.123,0.021
16.685,14.031,1,旋回 5,0.0038,0.0008,-96.591,0.019
16.705,14.051,1,旋回 5,0.0035,0.0008,-92.936,0.018
16.726,14.071,1,旋回 5,0.0032,0.0007,-89.206,0.016
16.746,14.091,1,旋回 5,0.0029,0.0006,-85.441,0.015
16.766,14.111,1,旋回 5,0.0027,0.0006,-81.675,0.014
16.786,14.131,1,旋回 5,0.0024,0.0005,-77.935,0.012
16.806,14.151,1,旋回 5,0.0022,0.0005,-74.245,0.011
16.826,14.171,1,旋回 5,0.0020,0.0005,-70.623,0.010
16.846,14.191,1,旋回 5,0.0019,0.0004,-67.086,0.009
16.866,14.211,1,旋回 5,0.0017,0.0004,-63.644,0.008
16.886,14.231,1,旋回 5,0.0016,0.0004,-60.307,0.008
16.906,14.251,1,旋回 5,0.0014,0.0003,-57.083,0.007
16.926,14.271,1,旋回 5,0.0013,0.0003,-53.976,0.006
16.946,14.291,1,旋回 5,0.0012,0.0003,-50.990,0.006
16.966,14.311,1,旋回 5,0.0011,0.0003,-48.126,0.005
16.986,14.331,1,旋回 5,0.0010,0.0002,-45.386,0.005
17.006,14.351,1,旋回 5,0.0009,0.0002,-42.768,0.004
17.026,14.371,1,旋回 5,0.0009,0.0002,-40.272,0.004
17.046,14.391,1,旋回 5,0.0008,0.0002,-37.896,0.003
17.066,14.411,1,旋回 5,0.0007,0.0002,-35.636,0.003
17.086,14.431,1,旋回 5,0.0007,0.0002,-33.492,0.003
17.106,14.451,1,旋回 5,0.0006,0.0001,-31.458,0.003
17.126,14.471,1,旋回 5,0.0006,0.0001,-29.532,0.002
17.146,14.491,1,旋回 5,0.0005,0.0001,-27.710,0.002
17.166,14.511,1,旋回 5,0.0005,0.0001,-25.987,0.002
17.186,14.531,1,旋回 5,0.0004,0.0001,-24.361,0.002
17.206,14.551,1,旋回 5,0.0004,0.0001,-22.826,0.002
17.226,14.571,1,旋回 5,0.0004,0.0001,-21.379,0.002
17.246,14.591,1,旋回 5,0.0003,0.0001,-20.017,0.001
17.266,14.611,1,旋回 5,0.0003,0.0001,-18.734,0.001
17.286,14.631,1,旋回 5,0.0003,0.0001,-17.527,0.001
17.306,14.651,1,旋回 5,0.0003,0.0001,-16.392,0.001
17.326,14.671,1,旋回 5,0.0002,0.0001,-15.326,0.001
17.346,14.691,1,旋回 5,0.0002,0.0001,-14.325,0.001
17.366,14.711,1,旋回 5,0.0002,0.0001,-13.385,0.001
17.386,14.731,1,旋回 5,0.0002,0.0000,-12.504,0.001
17.406,14.751,1,旋回 5,0.0002,0.0000,-11.677,0.001
17.426,14.771,1,旋回 5,0.0002,0.0000,-10.902,0.001
17.446,14.791,1,旋回 5,0.0002,0.0000,-10.177,0.001
17.466,14.811,1,旋回 5,0.0001,0.0000,-9.497,0.001
17.486,14.831,1,旋回 5,0.0001,0.0000,-8.861,0.001
17.506,14.851,1,旋回 5,0.0001,0.0000,-8.266,0.000
17.526,14.871,1,旋回 5,0.0001,0.0000,-7.709,0.000
17.546,14.891,1,旋回 5,0.0001,0.0000,-7.188,0.000
17.566,14.911,1,旋回 5,0.0001,0.0000,-6.701,0.000
17.586,14.931,1,旋回 5,0.0001,0.0000,-6.246,0.000
17.606,14.951,1,旋回 5,0.0001,0.0000,-5.821,0.000
17.626,14.971,1,旋回 5,0.0001,0.0000,-5.424,0.000
17.646,14.991,1,旋回 5,0.0001,0.0000,-5.053,0.000
17.666,15.011,1,旋回 5,0.0001,0.0000,-4.707,0.000
17.686,15.031,1,旋回 5,0.0001,0.0000,-4.384,0.000
17.706,15.051,1,旋回 5,0.0001,0.0000,-4.083,0.000
17.726,15.071,1,旋回 5,0.0000,0.0000,-3.801,0.000
17.746,15.091,1,前進 6,0.0180,0.0001,-3.421,3.000
17.766,15.111,1,前進 6,0.0780,0.0011,-2.829,3.000
17.786,15.131,1,前進 6,0.1380,0.0033,-2.314,3.000
17.806,15.151,1,前進 6,0.1980,0.0067,-1.869,3.000
17.826,15.171,1,前進 6,0.2580,0.0114,-1.484,3.000
17.846,15.191,1,前進 6,0.3180,0.0172,-1.152,3.000
17.866,15.211,1,前進 6,0.3780,0.0242,-0.867,3.000
17.886,15.231,1,前進 6,0.4380,0.0324,-0.624,3.000
17.906,15.251,1,前進 6,0.4980,0.0418,-0.416,3.000
17.926,15.271,1,前進 6,0.5580,0.0525,-0.240,3.001
17.946,15.291,1,前進 6,0.6180,0.0643,-0.092,2.999
17.966,15.311,1,前進 6,0.6780,0.0773,0.033,3.001
17.986,15.331,1,前進 6,0.7380,0.0915,0.136,2.999
18.006,15.351,1,前進 6,0.7980,0.1069,0.221,3.001
18.026,15.371,1,前進 6,0.8580,0.1236,0.290,2.999
18.046,15.391,1,前進 6,0.9000,0.1413,0.346,0.015
18.066,15.411,1,前進 6,0.9000,0.1593,0.389,0.016
18.086,15.431,1,前進 6,0.9000,0.1773,0.423,0.017
18.106,15.451,1,前進 6,0.9000,0.1953,0.448,0.018
18.126,15.471,1,前進 6,0.9000,0.2133,0.465,0.018
18.146,15.491,1,前進 6,0.9000,0.2313,0.476,0.018
18.166,15.511,1,前進 6,0.9000,0.2493,0.482,0.017
18.186,15.531,1,前進 6,0.9000,0.2673,0.483,0.017
18.206,15.551,1,前進 6,0.9000,0.2853,0.481,0.016
18.226,15.571,1,前進 6,0.9000,0.3033,0.475,0.015
18.246,15.591,1,前進 6,0.9000,0.3213,0.467,0.014
18.266,15.611,1,前進 6,0.9000,0.3393,0.456,0.013
18.286,15.631,1,前進 6,0.9000,0.3573,0.444,0.012
18.306,15.651,1,前進 6,0.9000,0.3753,0.431,0.011
18.326,15.671,1,前進 6,0.9000,0.3933,0.417,0.010
18.346,15.691,1,前進 6,0.9000,0.4113,0.402,0.009
18.366,15.711,1,前進 6,0.9000,0.4293,0.387,0.008
18.386,15.731,1,前進 6,0.9000,0.4473,0.371,0.007
18.406,15.751,1,前進 6,0.9000,0.4653,0.355,0.006
18.426,15.771,1,前進 6,0.8607,0.4830,0.339,3.003
18.446,15.791,1,前進 6,0.8007,0.4996,0.324,2.996
18.466,15.811,1,前進 6,0.7407,0.5149,0.308,2.996
18.486,15.831,1,前進 6,0.6807,0.5291,0.293,2.996
18.506,15.851,1,前進 6,0.6207,0.5420,0.279,2.996
18.526,15.871,1,前進 6,0.5607,0.5538,0.264,3.011
18.546,15.891,1,前進 6,0.5007,0.5643,0.250,3.011
18.566,15.911,1,前進 6,0.4407,0.5737,0.237,3.011
18.586,15.931,1,前進 6,0.3807,0.5818,0.224,3.011
18.606,15.951,1,前進 6,0.3207,0.5888,0.211,3.010
18.626,15.971,1,前進 6,0.2608,0.5946,0.200,2.996
18.646,15.991,1,前進 6,0.2144,0.5992,0.188,1.699
18.666,16.011,1,前進 6,0.1818,0.6031,0.177,1.565
18.686,16.031,1,前進 6,0.1515,0.6064,0.167,1.460
18.706,16.051,1,前進 6,0.1234,0.6091,0.157,1.356
18.726,16.071,1,前進 6,0.0972,0.6113,0.148,1.267
18.746,16.091,1,前進 6,0.0730,0.6130,0.139,1.177
18.766,16.111,1,前進 6,0.0504,0.6142,0.130,1.088
18.786,16.131,1,前進 6,0.0294,0.6150,0.122,1.013
18.806,16.151,1,前進 6,0.0100,0.6153,0.115,0.939
18.826,16.171,1,前進 6,0.0083,0.6153,0.108,0.879
18.846,16.191,1,前進 6,0.0251,0.6150,0.101,0.820
18.866,16.211,1,前進 6,0.0408,0.6143,0.095,0.760
18.886,16.231,1,前進 6,0.0553,0.6133,0.089,0.700
18.906,16.251,1,前進 6,0.0689,0.6121,0.083,0.641
18.926,16.271,1,前進 6,0.0815,0.6106,0.078,0.611
18.946,16.291,1,前進 6,0.0932,0.6088,0.073,0.566
18.966,16.311,1,前進 6,0.1041,0.6068,0.068,0.536
18.986,16.331,1,前進 6,0.1142,0.6046,0.063,0.492
19.006,16.351,1,前進 6,0.1237,0.6022,0.059,0.462
19.026,16.371,1,前進 6,0.1325,0.5997,0.055,0.432
19.046,16.391,1,前進 6,0.1407,0.5969,0.052,0.402
19.066,16.411,1,前進 6,0.1483,0.5940,0.048,0.373
19.086,16.431,1,前進 6,0.1554,0.5910,0.045,0.343
19.106,16.451,1,前進 6,0.1620,0.5878,0.042,0.313
19.126,16.471,1,前進 6,0.1682,0.5845,0.039,0.298
19.146,16.491,1,前進 6,0.1739,0.5811,0.037,0.268
19.166,16.511,1,前進 6,0.1793,0.5775,0.034,0.253
19.186,16.531,1,前進 6,0.1843,0.5739,0.032,0.253
19.207,16.551,1,前進 6,0.1890,0.5701,0.030,0.224
19.227,16.571,1,前進 6,0.1934,0.5663,0.028,0.209
19.247,16.591,1,前進 6,0.1974,0.5624,0.026,0.194
19.267,16.611,1,前進 6,0.2013,0.5584,0.024,0.194
19.287,16.631,1,前進 6,0.2048,0.5543,0.022,0.179
19.307,16.651,1,前進 6,0.2082,0.5502,0.021,0.164
19.327,16.671,1,前進 6,0.2113,0.5460,0.019,0.164
19.347,16.691,1,前進 6,0.2142,0.5418,0.018,0.149
19.367,16.711,1,前進 6,0.2170,0.5374,0.017,0.134
19.387,16.732,1,前進 6,0.2196,0.5331,0.016,0.134
19.407,16.752,1,前進 6,0.2220,0.5287,0.015,0.119
19.427,16.772,1,前進 6,0.2243,0.5242,0.014,0.119
19.447,16.792,1,前進 6,0.2264,0.5197,0.013,0.104
19.467,16.812,1,前進 6,0.2284,0.5151,0.012,0.104
19.487,16.832,1,前進 6,0.2303,0.5105,0.011,0.089
19.507,16.852,1,前進 6,0.2321,0.5059,0.010,0.075
19.527,16.872,1,前進 6,0.2339,0.5013,0.010,0.089
19.547,16.892,1,前進 6,0.2355,0.4966,0.009,0.075
19.567,16.912,1,前進 6,0.2370,0.4918,0.008,0.075
19.587,16.932,1,前進 6,0.2385,0.4871,0.008,0.067
19.607,16.952,1,前進 6,0.2399,0.4823,0.007,0.075
19.627,16.972,1,前進 6,0.2412,0.4775,0.007,0.067
19.647,16.992,1,前進 6,0.2425,0.4726,0.006,0.060
19.667,17.012,1,前進 6,0.2437,0.4678,0.006,0.060
19.687,17.032,1,前進 6,0.2448,0.4629,0.005,0.060
19.707,17.052,1,前進 6,0.2460,0.4580,0.005,0.052
19.727,17.072,1,前進 6,0.2471,0.4531,0.005,0.052
19.747,17.092,1,前進 6,0.2481,0.4481,0.004,0.052
19.767,17.112,1,前進 6,0.2491,0.4431,0.004,0.052
19.787,17.132,1,前進 6,0.2501,0.4381,0.004,0.045
19.807,17.152,1,前進 6,0.2511,0.4331,0.003,0.052
19.827,17.172,1,前進 6,0.2520,0.4281,0.003,0.045
19.847,17.192,1,前進 6,0.2529,0.4230,0.003,0.045
19.867,17.212,1,前進 6,0.2539,0.4180,0.003,0.045
19.887,17.232,1,前進 6,0.2547,0.4129,0.003,0.045
19.907,17.252,1,前進 6,0.2556,0.4078,0.002,0.045
19.927,17.272,1,前進 6,0.2565,0.4027,0.002,0.045
19.947,17.292,1,前進 6,0.2574,0.3975,0.002,0.045
19.967,17.312,1,前進 6,0.2582,0.3924,0.002,0.045
19.987,17.332,1,前進 6,0.2591,0.3872,0.002,0.045
20.007,17.352,1,前進 6,0.2600,0.3820,0.002,0.045
20.027,17.372,1,前進 6,0.2609,0.3768,0.002,0.045
20.047,17.392,1,前進 6,0.2617,0.3716,0.001,0.045
20.067,17.412,1,前進 6,0.2626,0.3663,0.001,0.045
20.087,17.432,1,前進 6,0.2636,0.3610,0.001,0.045
20.107,17.452,1,前進 6,0.2645,0.3558,0.001,0.045
20.127,17.472,1,前進 6,0.2654,0.3505,0.001,0.045
20.147,17.492,1,前進 6,0.2664,0.3451,0.001,0.045
20.167,17.512,1,前進 6,0.2674,0.3398,0.001,0.045
20.187,17.532,1,前進 6,0.2684,0.3344,0.001,0.052
20.207,17.552,1,前進 6,0.2694,0.3291,0.001,0.052
20.227,17.572,1,前進 6,0.2705,0.3237,0.001,0.052
20.247,17.592,1,前進 6,0.2716,0.3182,0.001,0.052
20.267,17.612,1,前進 6,0.2727,0.3128,0.001,0.060
20.287,17.632,1,前進 6,0.2739,0.3073,0.001,0.060
20.307,17.652,1,前進 6,0.2752,0.3018,0.001,0.060
20.327,17.672,1,前進 6,0.2765,0.2963,0.001,0.060
20.347,17.692,1,前進 6,0.2778,0.2908,0.000,0.075
20.367,17.712,1,前進 6,0.2793,0.2852,0.000,0.067
20.387,17.732,1,前進 6,0.2808,0.2796,0.000,0.075
20.407,17.752,1,前進 6,0.2823,0.2740,0.000,0.082
20.427,17.772,1,前進 6,0.2840,0.2683,0.000,0.089
20.447,17.792,1,前進 6,0.2858,0.2626,0.000,0.089
20.467,17.812,1,前進 6,0.2877,0.2569,0.000,0.097
20.487,17.832,1,前進 6,0.2897,0.2511,0.000,0.104
20.507,17.852,1,前進 6,0.2918,0.2453,0.000,0.108
20.527,17.872,1,前進 6,0.2941,0.2394,0.000,0.119
20.547,17.892,1,前進 6,0.2966,0.2335,0.000,0.130
20.567,17.912,1,前進 6,0.2993,0.2275,0.000,0.142
20.587,17.932,1,前進 6,0.3023,0.2215,0.000,0.153
20.607,17.952,1,前進 6,0.3055,0.2155,0.000,0.168
20.627,17.972,1,前進 6,0.3090,0.2093,0.000,0.186
20.647,17.992,1,前進 6,0.3130,0.2031,0.000,0.209
20.667,18.012,1,前進 6,0.3174,0.1968,0.000,0.231
20.687,18.032,1,前進 6,0.3224,0.1904,0.000,0.265
20.707,18.052,1,前進 6,0.3281,0.1839,0.000,0.306
20.727,18.072,1,前進 6,0.3347,0.1772,0.000,0.358
20.747,18.092,1,前進 6,0.3425,0.1704,0.000,0.425
20.767,18.112,1,前進 6,0.3521,0.1635,0.000,0.525
20.787,18.132,1,前進 6,0.3687,0.1563,0.000,3.003
20.807,18.152,1,前進 6,0.4287,0.1483,0.000,3.003
20.827,18.172,1,前進 6,0.4887,0.1391,0.000,2.999
20.847,18.192,1,前進 6,0.5191,0.1287,0.000,2.094
20.867,18.212,1,前進 6,0.4790,0.1188,0.000,1.932
20.887,18.232,1,前進 6,0.4421,0.1096,0.000,1.783
20.907,18.252,1,前進 6,0.4079,0.1012,0.000,1.645
20.927,18.272,1,前進 6,0.3764,0.0934,0.000,1.518
20.947,18.292,1,前進 6,0.3474,0.0862,0.000,1.401
20.967,18.312,1,前進 6,0.3206,0.0795,0.000,1.291
20.987,18.332,1,前進 6,0.2958,0.0734,0.000,1.192
21.007,18.352,1,前進 6,0.2730,0.0677,0.000,1.101
21.027,18.372,1,前進 6,0.2519,0.0625,0.000,1.017
21.047,18.392,1,前進 6,0.2325,0.0577,0.000,0.937
21.067,18.412,1,前進 6,0.2145,0.0532,0.000,0.864
21.087,18.432,1,前進 6,0.1980,0.0491,0.000,0.798
21.107,18.452,1,前進 6,0.1827,0.0453,0.000,0.736
21.127,18.472,1,前進 6,0.1686,0.0418,0.000,0.680
21.147,18.492,1,前進 6,0.1556,0.0386,0.000,0.627
21.167,18.512,1,前進 6,0.1436,0.0356,0.000,0.579
21.187,18.532,1,前進 6,0.1325,0.0329,0.000,0.534
21.207,18.552,1,前進 6,0.1223,0.0303,0.000,0.493
21.227,18.572,1,前進 6,0.1128,0.0280,0.000,0.455
21.247,18.592,1,前進 6,0.1041,0.0258,0.000,0.420
21.267,18.612,1,前進 6,0.0961,0.0238,0.000,0.387
21.287,18.632,1,前進 6,0.0887,0.0220,0.000,0.358
21.307,18.652,1,前進 6,0.0818,0.0203,0.000,0.330
21.327,18.672,1,旋回 7,0.0420,0.0195,-2.799,3.000
21.347,18.692,1,旋回 7,0.0731,0.0181,-6.794,0.296
21.367,18.712,1,旋回 7,0.0675,0.0167,-10.785,0.273
21.387,18.732,1,旋回 7,0.0623,0.0154,-14.772,0.252
21.407,18.752,1,旋回 7,0.0575,0.0142,-18.755,0.232
21.427,18.772,1,旋回 7,0.0531,0.0131,-22.734,0.213
21.447,18.792,1,旋回 7,0.0491,0.0121,-26.709,0.196
21.467,18.812,1,旋回 7,0.0454,0.0112,-30.680,0.180
21.487,18.832,1,旋回 7,0.0420,0.0103,-34.647,0.165
21.507,18.852,1,旋回 7,0.0388,0.0095,-38.610,0.152
21.527,18.872,1,旋回 7,0.0359,0.0088,-42.570,0.140
21.547,18.892,1,旋回 7,0.0332,0.0081,-46.525,0.129
21.567,18.912,1,旋回 7,0.0308,0.0075,-50.476,0.119
21.587,18.932,1,旋回 7,0.0285,0.0069,-54.424,0.110
21.607,18.952,1,旋回 7,0.0264,0.0064,-58.367,0.101
21.627,18.972,1,旋回 7,0.0245,0.0059,-62.306,0.093
21.647,18.992,1,旋回 7,0.0227,0.0054,-66.242,0.087
21.668,19.012,1,旋回 7,0.0210,0.0050,-70.174,0.080
21.688,19.032,1,旋回 7,0.0195,0.0046,-74.101,0.074
21.708,19.052,1,旋回 7,0.0181,0.0042,-78.025,0.069
21.728,19.072,1,旋回 7,0.0168,0.0039,-81.945,0.064
21.748,19.092,1,旋回 7,0.0156,0.0036,-85.861,0.059
21.768,19.112,1,旋回 7,0.0144,0.0033,-89.773,0.055
21.788,19.132,1,旋回 7,0.0134,0.0030,-93.681,0.051
21.808,19.152,1,旋回 7,0.0124,0.0028,-97.585,0.048
21.828,19.172,1,旋回 7,0.0115,0.0026,-101.485,0.045
21.848,19.193,1,旋回 7,0.0107,0.0024,-105.382,0.042
21.868,19.213,1,旋回 7,0.0099,0.0022,-109.274,0.039
21.888,19.233,1,旋回 7,0.0092,0.0020,-112.586,0.037
21.908,19.253,1,旋回 7,0.0085,0.0018,-114.526,0.035
21.928,19.273,1,旋回 7,0.0079,0.0017,-115.297,0.033
21.948,19.293,1,旋回 7,0.0073,0.0016,-115.090,0.032
21.968,19.313,1,旋回 7,0.0067,0.0014,-114.068,0.030
21.988,19.333,1,旋回 7,0.0062,0.0013,-112.376,0.029
22.008,19.353,1,旋回 7,0.0057,0.0012,-110.138,0.027
22.028,19.373,1,旋回 7,0.0052,0.0011,-107.461,0.025
22.048,19.393,1,旋回 7,0.0048,0.0010,-104.439,0.023
22.068,19.413,1,旋回 7,0.0044,0.0009,-101.152,0.022
22.088,19.433,1,旋回 7,0.0040,0.0009,-97.667,0.020
22.108,19.453,1,旋回 7,0.0036,0.0008,-94.044,0.018
22.128,19.473,1,旋回 7,0.0033,0.0007,-90.332,0.017
22.148,19.493,1,旋回 7,0.0030,0.0007,-86.574,0.015
22.168,19.513,1,旋回 7,0.0028,0.0006,-82.805,0.014
22.188,19.533,1,旋回 7,0.0025,0.0006,-79.054,0.013
22.208,19.553,1,旋回 7,0.0023,0.0005,-75.347,0.012
22.228,19.573,1,旋回 7,0.0021,0.0005,-71.703,0.011
22.248,19.593,1,旋回 7,0.0019,0.0004,-68.139,0.010
22.268,19.613,1,旋回 7,0.0018,0.0004,-64.667,0.009
22.288,19.633,1,旋回 7,0.0016,0.0004,-61.298,0.008
22.308,19.653,1,旋回 7,0.0015,0.0003,-58.039,0.007
22.328,19.673,1,旋回 7,0.0014,0.0003,-54.897,0.006
22.348,19.693,1,旋回 7,0.0012,0.0003,-51.874,0.006
22.368,19.713,1,旋回 7,0.0011,0.0003,-48.973,0.005
22.388,19.733,1,旋回 7,0.0010,0.0002,-46.196,0.005
22.408,19.753,1,旋回 7,0.0010,0.0002,-43.541,0.004
22.428,19.773,1,旋回 7,0.0009,0.0002,-41.009,0.004
22.448,19.793,1,旋回 7,0.0008,0.0002,-38.597,0.004
22.468,19.813,1,旋回 7,0.0007,0.0002,-36.303,0.003
22.488,19.833,1,旋回 7,0.0007,0.0002,-34.124,0.003
22.508,19.853,1,旋回 7,0.0006,0.0002,-32.058,0.003
22.528,19.873,1,旋回 7,0.0006,0.0001,-30.100,0.002
22.548,19.893,1,旋回 7,0.0005,0.0001,-28.247,0.002
22.568,19.913,1,旋回 7,0.0005,0.0001,-26.495,0.002
22.588,19.933,1,旋回 7,0.0005,0.0001,-24.840,0.002
22.608,19.953,1,旋回 7,0.0004,0.0001,-23.278,0.002
22.628,19.973,1,旋回 7,0.0004,0.0001,-21.805,0.002
22.648,19.993,1,旋回 7,0.0004,0.0001,-20.418,0.001
22.668,20.013,1,旋回 7,0.0003,0.0001,-19.111,0.001
22.688,20.033,1,旋回 7,0.0003,0.0001,-17.882,0.001
22.708,20.053,1,旋回 7,0.0003,0.0001,-16.726,0.001
22.728,20.073,1,旋回 7,0.0003,0.0001,-15.639,0.001
22.748,20.093,1,旋回 7,0.0002,0.0001,-14.619,0.001
22.768,20.113,1,旋回 7,0.0002,0.0001,-13.661,0.001
22.788,20.133,1,旋回 7,0.0002,0.0000,-12.763,0.001
22.808,20.153,1,旋回 7,0.0002,0.0000,-11.920,0.001
22.828,20.173,1,旋回 7,0.0002,0.0000,-11.130,0.001
22.848,20.193,1,旋回 7,0.0002,0.0000,-10.390,0.001
22.868,20.213,1,旋回 7,0.0001,0.0000,-9.697,0.001
22.888,20.233,1,旋回 7,0.0001,0.0000,-9.048,0.001
22.908,20.253,1,旋回 7,0.0001,0.0000,-8.441,0.000
22.928,20.273,1,旋回 7,0.0001,0.0000,-7.872,0.000
22.948,20.293,1,旋回 7,0.0001,0.0000,-7.341,0.000
22.968,20.313,1,旋回 7,0.0001,0.0000,-6.844,0.000
22.988,20.333,1,旋回 7,0.0001,0.0000,-6.380,0.000
23.008,20.353,1,旋回 7,0.0001,0.0000,-5.946,0.000
23.028,20.373,1,旋回 7,0.0001,0.0000,-5.541,0.000
23.048,20.393,1,旋回 7,0.0001,0.0000,-5.162,0.000
23.068,20.413,1,旋回 7,0.0001,0.0000,-4.809,0.000
23.088,20.433,1,旋回 7,0.0001,0.0000,-4.479,0.000
23.108,20.453,1,旋回 7,0.0001,0.0000,-4.171,0.000
23.128,20.473,1,旋回 7,0.0001,0.0000,-3.884,0.000
23.148,20.493,1,前進 8,0.0000,0.0000,-3.616,0.000
23.168,20.513,1,前進 8,0.0600,0.0007,-2.998,3.000
23.188,20.533,1,前進 8,0.1200,0.0025,-2.461,3.000
23.208,20.553,1,前進 8,0.1800,0.0056,-1.996,3.000
23.228,20.573,1,前進 8,0.2400,0.0099,-1.594,3.000
23.248,20.593,1,前進 8,0.3000,0.0153,-1.247,3.000
23.268,20.613,1,前進 8,0.3600,0.0220,-0.948,3.000
23.288,20.633,1,前進 8,0.4200,0.0298,-0.693,3.000
23.308,20.653,1,前進 8,0.4800,0.0389,-0.475,3.000
23.328,20.673,1,前進 8,0.5400,0.0492,-0.290,3.000
23.348,20.693,1,前進 8,0.6000,0.0606,-0.134,3.000
23.368,20.713,1,前進 8,0.6600,0.0733,-0.002,3.001
23.388,20.733,1,前進 8,0.7200,0.0871,0.107,3.001
23.408,20.753,1,前進 8,0.7800,0.1022,0.197,3.001
23.428,20.773,1,前進 8,0.8400,0.1185,0.271,3.001
23.448,20.793,1,前進 8,0.9000,0.1359,0.330,3.003
23.468,20.813,1,前進 8,0.9000,0.1539,0.378,0.016
23.488,20.833,1,前進 8,0.9000,0.1719,0.414,0.017
23.508,20.853,1,前進 8,0.9000,0.1899,0.441,0.018
23.528,20.873,1,前進 8,0.9000,0.2079,0.461,0.018
23.548,20.893,1,前進 8,0.9000,0.2259,0.474,0.018
23.568,20.913,1,前進 8,0.9000,0.2439,0.481,0.018
23.588,20.933,1,前進 8,0.9000,0.2619,0.483,0.016
23.608,20.953,1,前進 8,0.9000,0.2799,0.482,0.016
23.628,20.973,1,前進 8,0.9000,0.2979,0.477,0.016
23.648,20.993,1,前進 8,0.9000,0.3159,0.469,0.015
23.668,21.013,1,前進 8,0.9000,0.3339,0.460,0.013
23.688,21.033,1,前進 8,0.9000,0.3519,0.448,0.013
23.708,21.053,1,前進 8,0.9000,0.3699,0.435,0.011
23.728,21.073,1,前進 8,0.9000,0.3879,0.421,0.010
23.748,21.093,1,前進 8,0.9000,0.4059,0.407,0.009
23.768,21.113,1,前進 8,0.9000,0.4239,0.391,0.008
23.788,21.133,1,前進 8,0.9000,0.4419,0.376,0.007
23.808,21.153,1,前進 8,0.9000,0.4599,0.360,0.007
23.828,21.173,1,前進 8,0.9000,0.4779,0.344,0.006
23.848,21.193,1,前進 8,0.9000,0.4959,0.329,0.005
23.868,21.213,1,前進 8,0.9000,0.5139,0.313,0.004
23.888,21.233,1,前進 8,0.9000,0.5319,0.298,0.004
23.908,21.253,1,前進 8,0.9000,0.5499,0.283,0.003
23.928,21.273,1,前進 8,0.9000,0.5679,0.268,0.003
23.948,21.293,1,前進 8,0.9000,0.5859,0.254,0.002
23.968,21.313,1,前進 8,0.9000,0.6039,0.241,0.000
23.988,21.333,1,前進 8,0.8949,0.6219,0.228,2.533
24.008,21.353,1,前進 8,0.8349,0.6391,0.215,3.010
24.028,21.373,1,前進 8,0.7749,0.6552,0.203,3.010
24.048,21.393,1,前進 8,0.7149,0.6700,0.192,2.995
24.068,21.413,1,前進 8,0.6549,0.6837,0.181,2.995
24.088,21.433,1,前進 8,0.5949,0.6961,0.170,3.010
24.108,21.453,1,前進 8,0.5349,0.7073,0.160,2.995
24.128,21.473,1,前進 8,0.4749,0.7174,0.150,2.995
24.149,21.493,1,前進 8,0.4149,0.7262,0.141,2.995
24.169,21.511,0,前進 8,0.3549,0.7338,0.133,3.010
24.189,21.511,0,前進 8,0.2949,0.7403,0.125,2.995
24.209,21.511,0,前進 8,0.2349,0.7455,0.117,2.995
24.229,21.511,0,前進 8,0.1940,0.7497,0.110,1.639
24.249,21.511,0,前進 8,0.1626,0.7532,0.103,1.520
24.269,21.511,0,前進 8,0.1335,0.7562,0.096,1.401
24.289,21.511,0,前進 8,0.1065,0.7585,0.090,1.311
24.309,21.511,0,前進 8,0.0814,0.7604,0.085,1.222
24.329,21.511,0,前進 8,0.0582,0.7618,0.079,1.118
24.349,21.511,0,前進 8,0.0366,0.7627,0.074,1.043
24.369,21.511,0,前進 8,0.0165,0.7632,0.069,0.969
24.389,21.511,0,前進 8,0.0023,0.7633,0.065,0.894
24.409,21.511,0,前進 8,0.0194,0.7631,0.061,0.834
24.429,21.511,0,前進 8,0.0354,0.7625,0.057,0.775
24.449,21.511,0,前進 8,0.0503,0.7616,0.053,0.730
24.469,21.511,0,前進 8,0.0641,0.7605,0.049,0.656
24.489,21.511,0,前進 8,0.0769,0.7591,0.046,0.626
24.509,21.511,0,前進 8,0.0888,0.7574,0.043,0.581
24.529,21.511,0,前進 8,0.0999,0.7555,0.040,0.536
24.549,21.511,0,前進 8,0.1102,0.7534,0.037,0.492
24.569,21.511,0,前進 8,0.1197,0.7511,0.035,0.462
24.589,21.511,0,前進 8,0.1286,0.7486,0.033,0.432
24.609,21.511,0,前進 8,0.1369,0.7459,0.030,0.402
24.629,21.511,0,前進 8,0.1445,0.7431,0.028,0.373
24.649,21.511,0,前進 8,0.1516,0.7401,0.026,0.343
24.669,21.511,0,前進 8,0.1583,0.7370,0.025,0.328
24.689,21.511,0,前進 8,0.1644,0.7338,0.023,0.298
24.709,21.511,0,前進 8,0.1701,0.7304,0.021,0.283
24.729,21.511,0,前進 8,0.1754,0.7270,0.020,0.253
24.749,21.511,0,前進 8,0.1804,0.7234,0.019,0.253
24.769,21.511,0,前進 8,0.1850,0.7197,0.017,0.224
24.789,21.511,0,前進 8,0.1893,0.7160,0.016,0.209
24.809,21.511,0,前進 8,0.1933,0.7122,0.015,0.194
24.829,21.511,0,前進 8,0.1970,0.7083,0.014,0.179
24.849,21.511,0,前進 8,0.2005,0.7043,0.013,0.179
24.869,21.511,0,前進 8,0.2037,0.7002,0.012,0.164
24.889,21.511,0,前進 8,0.2067,0.6961,0.011,0.149
24.909,21.511,0,前進 8,0.2095,0.6920,0.010,0.134
24.929,21.511,0,前進 8,0.2122,0.6877,0.010,0.119
24.949,21.511,0,前進 8,0.2146,0.6835,0.009,0.119
24.969,21.511,0,前進 8,0.2169,0.6791,0.008,0.104
24.989,21.511,0,前進 8,0.2190,0.6748,0.008,0.104
25.009,21.511,0,前進 8,0.2210,0.6704,0.007,0.089
25.029,21.511,0,前進 8,0.2229,0.6659,0.007,0.089
25.049,21.511,0,前進 8,0.2247,0.6615,0.006,0.089
25.069,21.511,0,前進 8,0.2263,0.6570,0.006,0.089
25.089,21.511,0,前進 8,0.2278,0.6524,0.005,0.075
25.109,21.511,0,前進 8,0.2293,0.6478,0.005,0.075
25.129,21.511,0,前進 8,0.2307,0.6432,0.005,0.075
25.149,21.511,0,前進 8,0.2319,0.6386,0.004,0.060
25.169,21.511,0,前進 8,0.2331,0.6340,0.004,0.060
25.189,21.511,0,前進 8,0.2343,0.6293,0.004,0.060
25.209,21.511,0,前進 8,0.2353,0.6246,0.004,0.060
25.229,21.511,0,前進 8,0.2364,0.6199,0.003,0.060
25.249,21.511,0,前進 8,0.2373,0.6151,0.003,0.045
25.269,21.511,0,前進 8,0.2382,0.6104,0.003,0.045
25.289,21.511,0,前進 8,0.2391,0.6056,0.003,0.045
25.309,21.511,0,前進 8,0.2399,0.6008,0.002,0.045
25.329,21.511,0,前進 8,0.2407,0.5960,0.002,0.045
25.349,21.511,0,前進 8,0.2414,0.5912,0.002,0.045
25.369,21.511,0,前進 8,0.2421,0.5863,0.002,0.030
25.389,21.511,0,前進 8,0.2428,0.5815,0.002,0.030
25.409,21.511,0,前進 8,0.2435,0.5766,0.002,0.030
25.429,21.511,0,前進 8,0.2441,0.5718,0.002,0.030
25.449,21.511,0,前進 8,0.2447,0.5669,0.001,0.030
25.469,21.511,0,前進 8,0.2453,0.5620,0.001,0.030
25.489,21.511,0,前進 8,0.2458,0.5571,0.001,0.030
25.509,21.511,0,前進 8,0.2464,0.5521,0.001,0.015
25.529,21.511,0,前進 8,0.2469,0.5472,0.001,0.015
25.549,21.511,0,前進 8,0.2474,0.5423,0.001,0.030
25.569,21.511,0,前進 8,0.2480,0.5373,0.001,0.030
25.589,21.511,0,前進 8,0.2484,0.5323,0.001,0.015
25.609,21.511,0,前進 8,0.2489,0.5274,0.001,0.030
25.629,21.511,0,前進 8,0.2494,0.5224,0.001,0.030
25.649,21.511,0,前進 8,0.2499,0.5174,0.001,0.030
25.669,21.511,0,前進 8,0.2503,0.5124,0.001,0.015
25.689,21.511,0,前進 8,0.2508,0.5074,0.001,0.030
25.709,21.511,0,前進 8,0.2513,0.5023,0.001,0.015
25.729,21.511,0,前進 8,0.2517,0.4973,0.001,0.022
25.749,21.511,0,前進 8,0.2522,0.4923,0.001,0.022
25.769,21.511,0,前進 8,0.2526,0.4872,0.001,0.022
25.789,21.511,0,前進 8,0.2531,0.4822,0.001,0.022
25.809,21.511,0,前進 8,0.2536,0.4771,0.001,0.030
25.829,21.511,0,前進 8,0.2540,0.4720,0.001,0.030
25.849,21.511,0,前進 8,0.2545,0.4669,0.001,0.022
25.869,21.511,0,前進 8,0.2550,0.4618,0.001,0.022
25.889,21.511,0,前進 8,0.2554,0.4567,0.001,0.022
25.909,21.511,0,前進 8,0.2559,0.4516,0.001,0.022
25.929,21.511,0,前進 8,0.2564,0.4465,0.001,0.022
25.949,21.511,0,前進 8,0.2569,0.4414,0.001,0.022
25.969,21.511,0,前進 8,0.2574,0.4362,0.001,0.022
25.989,21.511,0,前進 8,0.2579,0.4311,0.001,0.022
26.009,21.511,0,前進 8,0.2584,0.4259,0.001,0.030
26.029,21.511,0,前進 8,0.2590,0.4207,0.001,0.022
26.049,21.511,0,前進 8,0.2595,0.4155,0.001,0.030
26.069,21.511,0,前進 8,0.2601,0.4104,0.001,0.030
26.089,21.511,0,前進 8,0.2607,0.4051,0.001,0.030
26.109,21.511,0,前進 8,0.2612,0.3999,0.001,0.030
26.129,21.511,0,前進 8,0.2618,0.3947,0.001,0.030
26.149,21.511,0,前進 8,0.2625,0.3894,0.001,0.030
26.169,21.511,0,前進 8,0.2631,0.3842,0.001,0.030
26.189,21.511,0,前進 8,0.2638,0.3789,0.001,0.030
26.209,21.511,0,前進 8,0.2645,0.3736,0.001,0.030
26.229,21.511,0,前進 8,0.2652,0.3683,0.001,0.037
26.249,21.511,0,前進 8,0.2659,0.3630,0.001,0.037
26.269,21.511,0,前進 8,0.2666,0.3577,0.001,0.037
26.289,21.511,0,前進 8,0.2674,0.3524,0.001,0.037
26.309,21.511,0,前進 8,0.2683,0.3470,0.001,0.045
26.329,21.511,0,前進 8,0.2691,0.3416,0.001,0.037
26.349,21.511,0,前進 8,0.2700,0.3362,0.001,0.045
26.369,21.511,0,前進 8,0.2709,0.3308,0.001,0.045
26.389,21.511,0,前進 8,0.2718,0.3254,0.001,0.045
26.409,21.511,0,前進 8,0.2729,0.3200,0.001,0.052
26.429,21.511,0,前進 8,0.2739,0.3145,0.001,0.052
26.449,21.511,0,前進 8,0.2750,0.3090,0.001,0.060
26.469,21.511,0,前進 8,0.2761,0.3035,0.001,0.060
26.489,21.511,0,前進 8,0.2774,0.2979,0.001,0.060
26.509,21.511,0,前進 8,0.2786,0.2924,0.001,0.060
26.529,21.511,0,前進 8,0.2800,0.2868,0.001,0.075
26.549,21.511,0,前進 8,0.2814,0.2812,0.001,0.075
26.569,21.511,0,前進 8,0.2829,0.2755,0.001,0.082
26.589,21.511,0,前進 8,0.2845,0.2699,0.001,0.082
26.609,21.511,0,前進 8,0.2862,0.2642,0.001,0.089
26.630,21.511,0,前進 8,0.2880,0.2584,0.001,0.089
26.650,21.511,0,前進 8,0.2899,0.2526,0.001,0.097
26.670,21.511,0,前進 8,0.2920,0.2468,0.001,0.108
26.690,21.511,0,前進 8,0.2942,0.2409,0.001,0.115
26.710,21.511,0,前進 8,0.2967,0.2350,0.001,0.123
26.730,21.511,0,前進 8,0.2993,0.2291,0.001,0.138
26.750,21.511,0,前進 8,0.3021,0.2231,0.001,0.149
26.770,21.511,0,前進 8,0.3053,0.2170,0.001,0.160
26.790,21.511,0,前進 8,0.3087,0.2108,0.001,0.183
26.810,21.511,0,前進 8,0.3125,0.2046,0.001,0.197
26.830,21.511,0,前進 8,0.3168,0.1983,0.001,0.224
26.850,21.511,0,前進 8,0.3216,0.1919,0.001,0.257
26.870,21.511,0,前進 8,0.3271,0.1854,0.001,0.294
26.890,21.511,0,前進 8,0.3335,0.1788,0.001,0.343
26.910,21.511,0,前進 8,0.3410,0.1721,0.001,0.406
26.930,21.511,0,前進 8,0.3501,0.1652,0.001,0.499
26.950,21.511,0,前進 8,0.3615,0.1580,0.001,0.633
26.970,21.511,0,前進 8,0.4168,0.1502,0.001,2.999
26.990,21.511,0,前進 8,0.4768,0.1413,0.001,2.999
27.010,21.511,0,前進 8,0.5285,0.1311,0.001,1.121
27.030,21.511,0,前進 8,0.4877,0.1210,0.001,1.967
27.050,21.511,0,前進 8,0.4501,0.1116,0.001,1.814
27.070,21.511,0,前進 8,0.4154,0.1030,0.001,1.675
27.090,21.511,0,前進 8,0.3833,0.0951,0.001,1.544
27.110,21.511,0,前進 8,0.3537,0.0877,0.001,1.425
27.130,21.511,0,前進 8,0.3264,0.0810,0.001,1.317
27.150,21.511,0,前進 8,0.3012,0.0747,0.001,1.214
27.170,21.511,0,前進 8,0.2780,0.0689,0.001,1.121
27.190,21.511,0,前進 8,0.2565,0.0636,0.001,1.036
27.210,21.511,0,前進 8,0.2367,0.0587,0.001,0.955
27.230,21.511,0,前進 8,0.2184,0.0542,0.001,0.881
27.250,21.511,0,前進 8,0.2016,0.0500,0.001,0.813
27.270,21.511,0,前進 8,0.1860,0.0461,0.001,0.750
27.290,21.511,0,前進 8,0.1717,0.0426,0.001,0.692
27.310,21.511,0,前進 8,0.1584,0.0393,0.001,0.639
27.330,21.511,0,前進 8,0.1462,0.0363,0.001,0.590
27.350,21.511,0,前進 8,0.1349,0.0335,0.001,0.544
27.370,21.511,0,前進 8,0.1245,0.0309,0.001,0.502
27.390,21.511,0,前進 8,0.1149,0.0285,0.001,0.463
27.410,21.511,0,前進 8,0.1060,0.0263,0.001,0.427
27.430,21.511,0,前進 8,0.0978,0.0243,0.001,0.394
27.450,21.511,0,前進 8,0.0903,0.0224,0.001,0.364
27.470,21.511,0,前進 8,0.0833,0.0207,0.001,0.336
